[{"model": "dipendenti.logo", "pk": 1, "fields": {"immagine": "logo/1a-comune.jpg", "descrizione": "comune_colori"}}, {"model": "dipendenti.logo", "pk": 2, "fields": {"immagine": "logo/1b-comune-grigio.jpg", "descrizione": "comune_grigio"}}, {"model": "dipendenti.ruolo", "pk": 1, "fields": {"nome_it_m": "Amministratore di sistema", "nome_it_f": "Amministratrice di sistema", "nome_dt_m": "Systemadministrator", "nome_dt_f": "Systemadministratorin", "nome": "Amministratore", "dirigente": false, "responsabile": false, "segretario": false, "ammsistema": true, "sindaco": false}}, {"model": "dipendenti.ruolo", "pk": 2, "fields": {"nome_it_m": "Dirigente Servizio informatica", "nome_it_f": "Dirigente Servizio informatica", "nome_dt_m": "EDV-Leiter", "nome_dt_f": "EDV-Leiterin", "nome": "Dirigente EDP", "dirigente": true, "responsabile": true, "segretario": false, "ammsistema": true, "sindaco": false}}, {"model": "dipendenti.ruolo", "pk": 3, "fields": {"nome_it_m": "Dipendente", "nome_it_f": "Dipendente", "nome_dt_m": "Beamte", "nome_dt_f": "Beamtin", "nome": "Dipendente", "dirigente": false, "responsabile": false, "segretario": false, "ammsistema": false, "sindaco": false}}, {"model": "dipendenti.ruolo", "pk": 4, "fields": {"nome_it_m": "Dirigente", "nome_it_f": "Dirigente", "nome_dt_m": "Leiter", "nome_dt_f": "Leiterin", "nome": "Dirigente", "dirigente": true, "responsabile": true, "segretario": false, "ammsistema": false, "sindaco": false}}, {"model": "dipendenti.ruolo", "pk": 5, "fields": {"nome_it_m": "Segretario Generale", "nome_it_f": "Segretario Generale", "nome_dt_m": "Generalsekretär", "nome_dt_f": "Generalsekretär", "nome": "Segretario", "dirigente": true, "responsabile": true, "segretario": true, "ammsistema": false, "sindaco": false}}, {"model": "dipendenti.ruolo", "pk": 6, "fields": {"nome_it_m": "Responsabile o coordinatore", "nome_it_f": "Responsabile o coordinatrice", "nome_dt_m": "Verantwortliche oder Koordinator", "nome_dt_f": "Verantwortliche oder Koordinatorin", "nome": "Resp./Coord.", "dirigente": false, "responsabile": true, "segretario": false, "ammsistema": false, "sindaco": false}}, {"model": "dipendenti.ruolo", "pk": 7, "fields": {"nome_it_m": "Gestione", "nome_it_f": "Gestione", "nome_dt_m": "Gestione", "nome_dt_f": "Gestione", "nome": "Gestione", "dirigente": false, "responsabile": false, "segretario": false, "ammsistema": true, "sindaco": false}}, {"model": "dipendenti.ruolo", "pk": 8, "fields": {"nome_it_m": "Esterno", "nome_it_f": null, "nome_dt_m": null, "nome_dt_f": null, "nome": "esterno", "dirigente": false, "responsabile": false, "segretario": false, "ammsistema": false, "sindaco": false}}, {"model": "dipendenti.ruolo", "pk": 9, "fields": {"nome_it_m": "Responsabile EDP", "nome_it_f": "Responsabile EDP", "nome_dt_m": "EDV-Verantwortlicher", "nome_dt_f": "EDV-Verantwortliche", "nome": "Responsabile EDP", "dirigente": false, "responsabile": true, "segretario": false, "ammsistema": true, "sindaco": false}}, {"model": "dipendenti.ruolo", "pk": 10, "fields": {"nome_it_m": "Sindaco", "nome_it_f": "Sindaca", "nome_dt_m": "Bürgermeister", "nome_dt_f": "Bürgermeisterin", "nome": "Sindaco", "dirigente": true, "responsabile": true, "segretario": false, "ammsistema": false, "sindaco": true}}, {"model": "dipendenti.livello", "pk": 1, "fields": {"livello": "VI", "indice": 60, "coefficiente": 134}}, {"model": "dipendenti.livello", "pk": 2, "fields": {"livello": "VIII", "indice": 80, "coefficiente": 169}}, {"model": "dipendenti.livello", "pk": 3, "fields": {"livello": "I", "indice": 10, "coefficiente": 100}}, {"model": "dipendenti.livello", "pk": 4, "fields": {"livello": "II", "indice": 20, "coefficiente": 109}}, {"model": "dipendenti.livello", "pk": 5, "fields": {"livello": "III", "indice": 30, "coefficiente": 114}}, {"model": "dipendenti.livello", "pk": 6, "fields": {"livello": "IV", "indice": 40, "coefficiente": 118}}, {"model": "dipendenti.livello", "pk": 7, "fields": {"livello": "V", "indice": 50, "coefficiente": 126}}, {"model": "dipendenti.livello", "pk": 8, "fields": {"livello": "VII", "indice": 70, "coefficiente": 149}}, {"model": "dipendenti.livello", "pk": 9, "fields": {"livello": "VII ter", "indice": 75, "coefficiente": 153}}, {"model": "dipendenti.livello", "pk": 10, "fields": {"livello": "IX", "indice": 90, "coefficiente": 190}}, {"model": "dipendenti.livello", "pk": 11, "fields": {"livello": "est", "indice": 500, "coefficiente": 0}}, {"model": "dipendenti.qualifica", "pk": 1, "fields": {"nome_it_m": "Programmatore CED", "nome_it_f": "Programmatrice CED", "nome_dt_m": "EDV Programmierer", "nome_dt_f": "EDV Programmiererin", "nome": "Programmatore CED", "livello": 1}}, {"model": "dipendenti.qualifica", "pk": 2, "fields": {"nome_it_m": "Funzionario amministrativo o contabile", "nome_it_f": "Funzionaria amministrativa o contabile", "nome_dt_m": "Funktionär der Verwaltung oder des Rechnungswesen", "nome_dt_f": "Funktionärin der Verwaltung oder des Rechnungswesen", "nome": "Funzionario", "livello": 2}}, {"model": "dipendenti.qualifica", "pk": 3, "fields": {"nome_it_m": "Funzionario amministrativo con diploma di laurea almeno triennale", "nome_it_f": "Funzionaria amministrativa con diploma di laurea almeno triennale", "nome_dt_m": "Funktionär der Verwaltung mit Diplom über ein mindestens dreijähriges Universitätsstudium", "nome_dt_f": "Funktionärin der Verwaltung mit Diplom über ein mindestens dreijähriges Universitätsstudium", "nome": "Funz. amm. 7/ter", "livello": 9}}, {"model": "dipendenti.qualifica", "pk": 4, "fields": {"nome_it_m": "Assistente amministrativo", "nome_it_f": "Assistente amministrativa", "nome_dt_m": "Verwaltungsassistent", "nome_dt_f": "Verwaltungsassistentin", "nome": "Assistente amm.vo", "livello": 1}}, {"model": "dipendenti.qualifica", "pk": 5, "fields": {"nome_it_m": "Segretario Generale", "nome_it_f": "Segretario Generale", "nome_dt_m": "Gemeindesekretär", "nome_dt_f": "Generalsekretär", "nome": "Segretario", "livello": 10}}, {"model": "dipendenti.qualifica", "pk": 6, "fields": {"nome_it_m": "Vicesegretario comunale", "nome_it_f": "Vicesegretario comunale", "nome_dt_m": "Vize- Gemeindesekretär", "nome_dt_f": "Vize- Gemeindesekretär", "nome": "Vicesegretario", "livello": 10}}, {"model": "dipendenti.qualifica", "pk": 7, "fields": {"nome_it_m": "Ingegnere/architetto/geologo", "nome_it_f": "Ingegnere/architetto/geologa", "nome_dt_m": "Ingenieur/Architekt/Geologe", "nome_dt_f": "Ingenieurin/Architektin/Geologin", "nome": "Ing/arch", "livello": 10}}, {"model": "dipendenti.qualifica", "pk": 8, "fields": {"nome_it_m": "Addetto alle pulizie qualificato / inserviente", "nome_it_f": "Addetta alle pulizie qualificata / inserviente", "nome_dt_m": "Qualifiziertes Reinigungspersonal/Heimgehilfe", "nome_dt_f": "Qualifiziertes Reinigungspersonal/Heimgehilfe", "nome": "Inserviente", "livello": 4}}, {"model": "dipendenti.qualifica", "pk": 9, "fields": {"nome_it_m": "Operaio generico", "nome_it_f": "Operaia generica", "nome_dt_m": "Einfacher Arbeiter", "nome_dt_f": "Einfache Arbeiterin", "nome": "Operaio gen.", "livello": 4}}, {"model": "dipendenti.qualifica", "pk": 10, "fields": {"nome_it_m": "cuoco Qualificato", "nome_it_f": "Cuoca Qualificata", "nome_dt_m": "Qualifiziertes Koch", "nome_dt_f": "Qualifizierte Köchin", "nome": "Cuoco Qual.", "livello": 5}}, {"model": "dipendenti.qualifica", "pk": 11, "fields": {"nome_it_m": "Operaio specializzato", "nome_it_f": "Operaia specializzata", "nome_dt_m": "Spezialisierter Arbeiter", "nome_dt_f": "Spezialisierte Arbeiterin", "nome": "Operaio spec.", "livello": 6}}, {"model": "dipendenti.qualifica", "pk": 12, "fields": {"nome_it_m": "Custode del cimitero", "nome_it_f": "Custode del cimitero", "nome_dt_m": "Friedhofswärter", "nome_dt_f": "Friedhofswärterin", "nome": "Custode cim.", "livello": 6}}, {"model": "dipendenti.qualifica", "pk": 13, "fields": {"nome_it_m": "Cuoco specializzato", "nome_it_f": "Cuoca specializzata", "nome_dt_m": "Spezialisierter Koch", "nome_dt_f": "Spezialisierte Kochin", "nome": "Cuoco spec.", "livello": 6}}, {"model": "dipendenti.qualifica", "pk": 14, "fields": {"nome_it_m": "Coadiutore anche con mansioni di applicazione dell'informatica", "nome_it_f": "Coadiutrice anche con mansioni di applicazione dell'informatica", "nome_dt_m": "Bürogehilfe auch mit Aufgaben der Anwendung von EDV-Programmen", "nome_dt_f": "Bürogehilfin auch mit Aufgaben der Anwendung von EDV-Programmen", "nome": "Coadiutore", "livello": 6}}, {"model": "dipendenti.qualifica", "pk": 15, "fields": {"nome_it_m": "Messo comunale", "nome_it_f": "Messo comunale", "nome_dt_m": "Gemeindediener", "nome_dt_f": "Gemeindedienerin", "nome": "Messo", "livello": 6}}, {"model": "dipendenti.qualifica", "pk": 16, "fields": {"nome_it_m": "Operaio altamente specializzato", "nome_it_f": "Operaia altamente specializzata", "nome_dt_m": "Hochspezialisierter Arbeiter", "nome_dt_f": "Hochspezialisierte Arbeiterin", "nome": "Operaio alt. spec.", "livello": 7}}, {"model": "dipendenti.qualifica", "pk": 17, "fields": {"nome_it_m": "Agente accertatore", "nome_it_f": "Agente accertatrice", "nome_dt_m": "Erhebungsbeamter", "nome_dt_f": "Erhebungsbeamtin", "nome": "Agente accert.", "livello": 7}}, {"model": "dipendenti.qualifica", "pk": 18, "fields": {"nome_it_m": "Operatore amministrativo anche con funzioni di utilizzo programmi C. E.", "nome_it_f": "Operatrice amministrativa anche con funzioni di utilizzo programmi C. E.", "nome_dt_m": "Verwaltungsbeamter auch mit Aufgaben der Anwendung von EDV-Programmen", "nome_dt_f": "Verwaltungsbeamtin auch mit Aufgaben der Anwendung von EDV-Programmen", "nome": "Operatore Amm.", "livello": 7}}, {"model": "dipendenti.qualifica", "pk": 19, "fields": {"nome_it_m": "Vigile urbano ed annonario", "nome_it_f": "Vigilessa urbana ed annonaria", "nome_dt_m": "Gemeinde- und Lebensmitterpolizist", "nome_dt_f": "Gemeinde- und Lebensmitterpolizistin", "nome": "Vigile urb.", "livello": 7}}, {"model": "dipendenti.qualifica", "pk": 20, "fields": {"nome_it_m": "Assistente tecnico / disegnatore con diploma / geometra", "nome_it_f": "Assistente tecnica / disegnatrice con diploma / geometra", "nome_dt_m": "Technischer Assistent / Zeichner mit Reifdiplom / Geometer", "nome_dt_f": "Technische Assistentin / Zeichnerin mit Reifdiplom / Geometerin", "nome": "Geometra", "livello": 1}}, {"model": "dipendenti.qualifica", "pk": 21, "fields": {"nome_it_m": "Ispettore di polizia municipale ed annonaria", "nome_it_f": "Ispettrice di polizia municipale ed annonaria", "nome_dt_m": "Inspektor der Gemeindepolizei", "nome_dt_f": "Inspektorin der Gemeindepolizeii", "nome": "Ispettore polizia", "livello": 1}}, {"model": "dipendenti.qualifica", "pk": 22, "fields": {"nome_it_m": "Assistente all'infanzia diplomato", "nome_it_f": "Assistente all'infanzia diplomata", "nome_dt_m": "Diplomierter Kinderbetreuer", "nome_dt_f": "Diplomierte Kinderbetreuerin", "nome": "assist. inf. diplom.", "livello": 1}}, {"model": "dipendenti.qualifica", "pk": 23, "fields": {"nome_it_m": "Assistente all'infanzia", "nome_it_f": "Assistente all'infanzia", "nome_dt_m": "Kinderassistent", "nome_dt_f": "Kinderassistentin", "nome": "Assist. Inf.", "livello": 7}}, {"model": "dipendenti.qualifica", "pk": 24, "fields": {"nome_it_m": "Consulente ambientale", "nome_it_f": "Consulente ambientale", "nome_dt_m": "Umweltberater", "nome_dt_f": "Umweltberaterin", "nome": "Consulente amb.", "livello": 1}}, {"model": "dipendenti.qualifica", "pk": 25, "fields": {"nome_it_m": "Geometra con abilitazione all'esercizio della professione", "nome_it_f": "Geometra con abilitazione all'esercizio della professione", "nome_dt_m": "Geometer mit Berufsbefähigung", "nome_dt_f": "Geometerin mit Berufsbefähigung", "nome": "Geom. con abilitaz.", "livello": 8}}, {"model": "dipendenti.qualifica", "pk": 26, "fields": {"nome_it_m": "Assistente amministrativo con diploma di studi universitari almeno biennali", "nome_it_f": "Assistente amministrativa con diploma di studi universitari almeno biennali", "nome_dt_m": "Verwaltungsassistent mit Diplom über ein mindestens zweijähriges Universitätsstudium", "nome_dt_f": "Verwaltungsassistentin mit Diplom über ein mindestens zweijähriges Universitätsstudium", "nome": "Assist. amm.vo 7", "livello": 8}}, {"model": "dipendenti.qualifica", "pk": 27, "fields": {"nome_it_m": "Funzionario della poliza municipale ed annonaria", "nome_it_f": "Funzionaria della poliza municipale ed annonaria", "nome_dt_m": "Funktionär der Gemeinde- und Lebensmittelpolizei", "nome_dt_f": "Funktionärin der Gemeinde- und Lebensmittelpolizei", "nome": "Funz. polizia", "livello": 8}}, {"model": "dipendenti.qualifica", "pk": 28, "fields": {"nome_it_m": "Assistente informatico con diploma di studi almeno biennali", "nome_it_f": "Assistente informatica con diploma di studi almeno biennali", "nome_dt_m": "EDV Fachkraft mit Diplom über ein mindestens Zweijähriges Universitätsstudium", "nome_dt_f": "EDV Fachkraft mit Diplom über ein mindestens Zweijähriges Universitätsstudium", "nome": "Assist. informatico", "livello": 8}}, {"model": "dipendenti.qualifica", "pk": 29, "fields": {"nome_it_m": "Funzionario tecnico", "nome_it_f": "Funzionaria tecnica", "nome_dt_m": "Funktionär im techniscen Bereich", "nome_dt_f": "Funktionärin im techniscen Bereich", "nome": "Funz. tecnico", "livello": 2}}, {"model": "dipendenti.qualifica", "pk": 30, "fields": {"nome_it_m": "Analista programmatore", "nome_it_f": "Analista programmatrice", "nome_dt_m": "EDV- Programmanalytiker", "nome_dt_f": "EDV- Programmanalytikerin", "nome": "Analista progr.", "livello": 2}}, {"model": "dipendenti.qualifica", "pk": 31, "fields": {"nome_it_m": "Agente accertatore", "nome_it_f": null, "nome_dt_m": null, "nome_dt_f": null, "nome": "Agente accertatore", "livello": 7}}, {"model": "dipendenti.qualifica", "pk": 32, "fields": {"nome_it_m": "Messo", "nome_it_f": null, "nome_dt_m": null, "nome_dt_f": null, "nome": "Messo", "livello": 7}}, {"model": "dipendenti.qualifica", "pk": 33, "fields": {"nome_it_m": "Esterno", "nome_it_f": "esterno", "nome_dt_m": null, "nome_dt_f": null, "nome": "esterno", "livello": 11}}, {"model": "dipendenti.rapportolavoro", "pk": 1, "fields": {"descrizione": "Tempo Pieno", "n_minuti": 2280, "coefficiente": "1.00000"}}, {"model": "dipendenti.rapportolavoro", "pk": 2, "fields": {"descrizione": "Part time 60%", "n_minuti": 1380, "coefficiente": "0.60000"}}, {"model": "dipendenti.rapportolavoro", "pk": 3, "fields": {"descrizione": "Part time 70%", "n_minuti": 1620, "coefficiente": "0.71050"}}, {"model": "dipendenti.rapportolavoro", "pk": 4, "fields": {"descrizione": "Part time 75%", "n_minuti": 1680, "coefficiente": "0.73680"}}, {"model": "dipendenti.rapportolavoro", "pk": 5, "fields": {"descrizione": "part time 80%", "n_minuti": 1800, "coefficiente": "0.78950"}}, {"model": "dipendenti.rapportolavoro", "pk": 6, "fields": {"descrizione": "Part time 90%", "n_minuti": 2040, "coefficiente": "0.89470"}}, {"model": "dipendenti.rapportolavoro", "pk": 7, "fields": {"descrizione": "Aspettativa 90%", "n_minuti": 2052, "coefficiente": "0.90000"}}, {"model": "dipendenti.rapportolavoro", "pk": 8, "fields": {"descrizione": "part time 50%", "n_minuti": 1140, "coefficiente": "1.10000"}}, {"model": "dipendenti.rapportolavoro", "pk": 9, "fields": {"descrizione": "Part time 60%", "n_minuti": 1380, "coefficiente": "1.30000"}}, {"model": "dipendenti.rapportolavoro", "pk": 10, "fields": {"descrizione": "Aspettativa 60%", "n_minuti": 1368, "coefficiente": "0.60000"}}, {"model": "dipendenti.rapportolavoro", "pk": 11, "fields": {"descrizione": "Aspettativa 75%", "n_minuti": 1710, "coefficiente": "0.75000"}}, {"model": "dipendenti.rapportolavoro", "pk": 12, "fields": {"descrizione": "Aspettativa maternita´", "n_minuti": 0, "coefficiente": "0.00000"}}, {"model": "dipendenti.ufficio", "pk": 1, "fields": {"nome_it_m": "Ufficio VII - Servizi demografici", "nome_it_f": "Ufficio VII - Servizi demografici", "nome_dt_m": "Amt VII - Demographische Dienste", "nome_dt_f": "Amt VII - Demographische Dienste", "nome": "VII - S. demografici"}}, {"model": "dipendenti.ufficio", "pk": 2, "fields": {"nome_it_m": "Ufficio II - Risorse", "nome_it_f": "Ufficio II - Risorse", "nome_dt_m": "Amt II - Ressourcen", "nome_dt_f": "Amt II - Ressourcen", "nome": "II - Risorse"}}, {"model": "dipendenti.ufficio", "pk": 3, "fields": {"nome_it_m": "Ufficio I - Affari Generali", "nome_it_f": "Ufficio I - Affari Generali", "nome_dt_m": "Amt I - Allgemeine Angelegenheiten", "nome_dt_f": "Amt I - Allgemeine Angelegenheiten", "nome": "I - AA.GG."}}, {"model": "dipendenti.ufficio", "pk": 4, "fields": {"nome_it_m": "Ufficio III - Sviluppo del territorio", "nome_it_f": "Ufficio III - Sviluppo del territorio", "nome_dt_m": "Amt III - Entwicklung des Territoriums", "nome_dt_f": "Amt III - Entwicklung des Territoriums", "nome": "III - Urbanistica"}}, {"model": "dipendenti.ufficio", "pk": 5, "fields": {"nome_it_m": "Ufficio IV - Lavori pubblici", "nome_it_f": "Ufficio IV - Lavori pubblici", "nome_dt_m": "Amt IV - Öffentliche Arbeiten", "nome_dt_f": "Amt IV - Öffentliche Arbeiten", "nome": "IV - LL. PP."}}, {"model": "dipendenti.ufficio", "pk": 6, "fields": {"nome_it_m": "Ufficio V - Sociale e cultura", "nome_it_f": "Ufficio V - Sociale e cultura", "nome_dt_m": "Amt V - Sozialwesen und Kultur", "nome_dt_f": "Amt V - Sozialwesen und Kultur", "nome": "V - Servizi"}}, {"model": "dipendenti.ufficio", "pk": 7, "fields": {"nome_it_m": "Ufficio VI - Polizia locale", "nome_it_f": "Ufficio VI - Polizia locale", "nome_dt_m": "Amt VI - Ortspolizei", "nome_dt_f": "Amt VI - Ortspolizei", "nome": "VI - Polizia"}}, {"model": "dipendenti.ufficio", "pk": 8, "fields": {"nome_it_m": "Segreteria generale", "nome_it_f": "Segreteria generale", "nome_dt_m": "Generalsekretariat", "nome_dt_f": "Generalsekretariat", "nome": "Segreteria"}}, {"model": "dipendenti.ufficio", "pk": 10, "fields": {"nome_it_m": "Amministratori", "nome_it_f": null, "nome_dt_m": "Administratoren", "nome_dt_f": null, "nome": "Amministratori"}}, {"model": "dipendenti.servizio", "pk": 1, "fields": {"nome_it_m": "Servizio Informatico", "nome_it_f": "Servizio Informatico", "nome_dt_m": "Informatik", "nome_dt_f": "Informatik", "nome": "Informatica", "esente_irap": false}}, {"model": "dipendenti.servizio", "pk": 2, "fields": {"nome_it_m": "Servizi demografici", "nome_it_f": "Servizi demografici", "nome_dt_m": "Demographische Dienste", "nome_dt_f": "Demographische Dienste", "nome": "Servizi demografici", "esente_irap": false}}, {"model": "dipendenti.servizio", "pk": 3, "fields": {"nome_it_m": "Sportello del cittadino, protocollo ed archivio", "nome_it_f": "Sportello del cittadino, protocollo ed archivio", "nome_dt_m": "Bürgerschalter, Protokoll und Archiv", "nome_dt_f": "Bürgerschalter, Protokoll und Archiv", "nome": "sportello protoc.", "esente_irap": false}}, {"model": "dipendenti.servizio", "pk": 4, "fields": {"nome_it_m": "Attività di affidamento lavori, servizi e forniture", "nome_it_f": "Attività di affidamento lavori, servizi e forniture", "nome_dt_m": "Tätigkeit zur Vergabe von Arbeiten, Dienstleistungen und Lieferungen", "nome_dt_f": "Tätigkeit zur Vergabe von Arbeiten, Dienstleistungen und Lieferungen", "nome": "Affidamenti", "esente_irap": false}}, {"model": "dipendenti.servizio", "pk": 5, "fields": {"nome_it_m": "Organi istituzionali, segreteria, controlli interni", "nome_it_f": "Organi istituzionali, segreteria, controlli interni", "nome_dt_m": "Verwaltungsorgane, Sekretariat, interne Kontrolle", "nome_dt_f": "Verwaltungsorgane, Sekretariat, interne Kontrolle", "nome": "Segreteria", "esente_irap": false}}, {"model": "dipendenti.servizio", "pk": 6, "fields": {"nome_it_m": "Servizio avvocatura", "nome_it_f": "Servizio avvocatura", "nome_dt_m": "Anwaltschaft", "nome_dt_f": "Anwaltschaft", "nome": "Avvocatura", "esente_irap": false}}, {"model": "dipendenti.servizio", "pk": 7, "fields": {"nome_it_m": "Ragioneria ed economato", "nome_it_f": "Ragioneria ed economato", "nome_dt_m": "Buchhaltung und Ökonomat", "nome_dt_f": "Buchhaltung und Ökonomat", "nome": "Ragioneria", "esente_irap": false}}, {"model": "dipendenti.servizio", "pk": 8, "fields": {"nome_it_m": "Tributi", "nome_it_f": "Tributi", "nome_dt_m": "Steuern", "nome_dt_f": "Steuern", "nome": "Tributi", "esente_irap": false}}, {"model": "dipendenti.servizio", "pk": 9, "fields": {"nome_it_m": "Patrimonio", "nome_it_f": "Patrimonio", "nome_dt_m": "Vermögen", "nome_dt_f": "Vermögen", "nome": "Patrimonio", "esente_irap": false}}, {"model": "dipendenti.servizio", "pk": 10, "fields": {"nome_it_m": "Attivitá economiche", "nome_it_f": "Attivitá economiche", "nome_dt_m": "Wirtschaftliche Tätigkeiten", "nome_dt_f": "Wirtschaftliche Tätigkeiten", "nome": "Attivitá economiche", "esente_irap": false}}, {"model": "dipendenti.servizio", "pk": 11, "fields": {"nome_it_m": "Partecipazioni societarie", "nome_it_f": "Partecipazioni societarie", "nome_dt_m": "Beteiligungen in Gesellschaften", "nome_dt_f": "Beteiligungen in Gesellschaften", "nome": "Partecipate", "esente_irap": false}}, {"model": "dipendenti.servizio", "pk": 12, "fields": {"nome_it_m": "Attivitá cimiteriali", "nome_it_f": "Attivitá cimiteriali", "nome_dt_m": "Friedhofstätigkeiten", "nome_dt_f": "Friedhofstätigkeiten", "nome": "Cimitero", "esente_irap": false}}, {"model": "dipendenti.servizio", "pk": 13, "fields": {"nome_it_m": "Personale", "nome_it_f": "Personale", "nome_dt_m": "Personal", "nome_dt_f": "Personal", "nome": "Personale", "esente_irap": false}}, {"model": "dipendenti.servizio", "pk": 14, "fields": {"nome_it_m": "Servizi al comando", "nome_it_f": "Servizi al comando", "nome_dt_m": "Dienst im Kommando", "nome_dt_f": "Dienst im Kommando", "nome": "Pol. Comando", "esente_irap": false}}, {"model": "dipendenti.servizio", "pk": 15, "fields": {"nome_it_m": "Servizi sul territorio", "nome_it_f": "Servizi sul territorio", "nome_dt_m": "Dienst auf dem Gemeindegebiet", "nome_dt_f": "Dienst auf dem Gemeindegebiet", "nome": "Pol. Territorio", "esente_irap": false}}, {"model": "dipendenti.servizio", "pk": 16, "fields": {"nome_it_m": "Ambiente e verde pubblico", "nome_it_f": "Ambiente e verde pubblico", "nome_dt_m": "Umwelt und öffentliche Grünzonen", "nome_dt_f": "Umwelt und öffentliche Grünzonen", "nome": "Ambiente", "esente_irap": false}}, {"model": "dipendenti.servizio", "pk": 17, "fields": {"nome_it_m": "Edilizia", "nome_it_f": "Edilizia", "nome_dt_m": "Wohnbau", "nome_dt_f": "Wohnbau", "nome": "Edilizia", "esente_irap": false}}, {"model": "dipendenti.servizio", "pk": 18, "fields": {"nome_it_m": "Lavori pubblici", "nome_it_f": "Lavori pubblici", "nome_dt_m": "Öffentliche Arbeiten", "nome_dt_f": "Öffentliche Arbeiten", "nome": "Lavori pubblici", "esente_irap": false}}, {"model": "dipendenti.servizio", "pk": 19, "fields": {"nome_it_m": "Cantiere comunale", "nome_it_f": "Cantiere comunale", "nome_dt_m": "Bauhof", "nome_dt_f": "Bauhof", "nome": "Cantiere", "esente_irap": false}}, {"model": "dipendenti.servizio", "pk": 20, "fields": {"nome_it_m": "Assistenza scolastica", "nome_it_f": null, "nome_dt_m": null, "nome_dt_f": null, "nome": "Assistenza scolastic", "esente_irap": true}}, {"model": "dipendenti.servizio", "pk": 21, "fields": {"nome_it_m": "Asilo nido", "nome_it_f": null, "nome_dt_m": null, "nome_dt_f": null, "nome": "Asilo nido", "esente_irap": false}}, {"model": "dipendenti.servizio", "pk": 22, "fields": {"nome_it_m": "Sociale e cultura", "nome_it_f": "Sociale e cultura", "nome_dt_m": "Sozialwesen und Kultur", "nome_dt_f": "Sozialwesen und Kultur", "nome": "Sociale e cultura", "esente_irap": false}}, {"model": "dipendenti.servizio", "pk": 23, "fields": {"nome_it_m": "Urbanistica", "nome_it_f": null, "nome_dt_m": null, "nome_dt_f": null, "nome": "Urbanistica", "esente_irap": false}}, {"model": "dipendenti.servizio", "pk": 24, "fields": {"nome_it_m": "Esterno", "nome_it_f": null, "nome_dt_m": null, "nome_dt_f": null, "nome": "esterno", "esente_irap": false}}, {"model": "dipendenti.servizio", "pk": 25, "fields": {"nome_it_m": "Consiglio Comunale", "nome_it_f": null, "nome_dt_m": "Gemeinderat", "nome_dt_f": null, "nome": "Consiglio Comunale", "esente_irap": false}}, {"model": "dipendenti.servizio", "pk": 26, "fields": {"nome_it_m": "Giunta Comunale", "nome_it_f": null, "nome_dt_m": "Gemeindeausschuss", "nome_dt_f": null, "nome": "Giunta", "esente_irap": false}}, {"model": "dipendenti.dipendente", "pk": 1, "fields": {"matricola": "1466", "badge_p": "1466", "nome": "Giorgio", "cognome": "Bertoluzza", "codicefiscale": "brtgrg74a21a952c", "sesso": "M", "userid": "giorgio_leifers", "email": "giorgio.bertoluzza@comune.laives.bz.it", "telefono": "0471 595 870", "cellulare": "335 18 93 863", "catprotetta": false, "note": "", "attivo": true, "user": null}}, {"model": "dipendenti.dipendente", "pk": 2, "fields": {"matricola": "1512", "badge_p": "1512", "nome": "Katia", "cognome": "Milanello", "codicefiscale": null, "sesso": "F", "userid": "katia_leifers", "email": "katia.milanello@comune.laives.bz.it", "telefono": "0471 595 726", "cellulare": null, "catprotetta": false, "note": "", "attivo": true, "user": null}}, {"model": "dipendenti.dipendente", "pk": 3, "fields": {"matricola": "7", "badge_p": "7", "nome": "Franco", "cognome": "Affuso", "codicefiscale": "FFSFNC65T11A952T", "sesso": "M", "userid": "affuso_leifers", "email": "franco.affuso@comune.laives.bz.it", "telefono": null, "cellulare": null, "catprotetta": false, "note": "", "attivo": true, "user": null}}, {"model": "dipendenti.dipendente", "pk": 4, "fields": {"matricola": "2428", "badge_p": "2428", "nome": "Luca", "cognome": "Allegri", "codicefiscale": "LLGLCU71M23A952M", "sesso": "M", "userid": "allegri_leifers", "email": "luca.allegri@comune.laives.bz.it", "telefono": null, "cellulare": null, "catprotetta": false, "note": "", "attivo": true, "user": null}}, {"model": "dipendenti.dipendente", "pk": 5, "fields": {"matricola": "2084", "badge_p": "2084", "nome": "Christian", "cognome": "Andreatta", "codicefiscale": "NDRCRS74T17A952N", "sesso": "M", "userid": "andreatt_leifers", "email": "christian.andreatta@comune.laives.bz.it", "telefono": "0471 595 753", "cellulare": null, "catprotetta": false, "note": "", "attivo": true, "user": null}}, {"model": "dipendenti.dipendente", "pk": 6, "fields": {"matricola": "2096", "badge_p": "2096", "nome": "Alberto", "cognome": "Anzil", "codicefiscale": "NZLLRT63M24F132R", "sesso": "M", "userid": "anzil_leifers", "email": "alberto.anzil@comune.laives.bz.it", "telefono": "0471 595 883", "cellulare": null, "catprotetta": false, "note": "", "attivo": true, "user": null}}, {"model": "dipendenti.dipendente", "pk": 7, "fields": {"matricola": "1099", "badge_p": "1099", "nome": "Luca", "cognome": "Avesani", "codicefiscale": "VSNLCU69L22A952U", "sesso": "M", "userid": "avesani_leifers", "email": "luca.avesani@comune.laives.bz.it", "telefono": "0471 595 882", "cellulare": null, "catprotetta": false, "note": "", "attivo": true, "user": null}}, {"model": "dipendenti.dipendente", "pk": 8, "fields": {"matricola": "1294", "badge_p": "1294", "nome": "Patrizia", "cognome": "Bamhakl", "codicefiscale": "BMHPRZ69D57A952F", "sesso": "F", "userid": "bamhackl_leifers", "email": "patrizia.bamhakl@comune.laives.bz.it", "telefono": null, "cellulare": null, "catprotetta": false, "note": "", "attivo": true, "user": null}}, {"model": "dipendenti.dipendente", "pk": 10, "fields": {"matricola": "1553", "badge_p": "1553", "nome": "Alessandro", "cognome": "Bona", "codicefiscale": "BNOLSN64T06A952J", "sesso": "M", "userid": "bona_leifers", "email": "alessandro.bona@comune.laives.bz.it", "telefono": null, "cellulare": null, "catprotetta": false, "note": "", "attivo": true, "user": null}}, {"model": "dipendenti.dipendente", "pk": 11, "fields": {"matricola": "1592", "badge_p": "1592", "nome": "Judith", "cognome": "Bonfanti", "codicefiscale": "BNFJTH63A48A952Z", "sesso": "F", "userid": "judith_leifers", "email": "judith.bonfanti@comune.laives.bz.it", "telefono": "0471 595 780", "cellulare": null, "catprotetta": false, "note": "", "attivo": true, "user": null}}, {"model": "dipendenti.dipendente", "pk": 12, "fields": {"matricola": "76", "badge_p": "76", "nome": "Richard", "cognome": "Brugger", "codicefiscale": "BRGRHR69H05A952M", "sesso": "M", "userid": "riccardo_leifers", "email": "riccardo.brugger@comune.laives.bz.it", "telefono": null, "cellulare": null, "catprotetta": false, "note": "", "attivo": true, "user": null}}, {"model": "dipendenti.dipendente", "pk": 13, "fields": {"matricola": "1103", "badge_p": "1103", "nome": "Alessia", "cognome": "Brunini", "codicefiscale": "BRNLSS72T42A952V", "sesso": "F", "userid": "alessia_leifers", "email": "alessia.brunini@comune.laives.bz.it", "telefono": "0471 595 721", "cellulare": null, "catprotetta": false, "note": "", "attivo": true, "user": null}}, {"model": "dipendenti.dipendente", "pk": 14, "fields": {"matricola": "1820", "badge_p": "1820", "nome": "Paolo", "cognome": "Brunini", "codicefiscale": "BRNPLA71E03A952R", "sesso": "M", "userid": "brunini_leifers", "email": "paolo.brunini@comune.laives.bz.it", "telefono": "0471 595 857", "cellulare": null, "catprotetta": false, "note": "", "attivo": true, "user": null}}, {"model": "dipendenti.dipendente", "pk": 15, "fields": {"matricola": "2394", "badge_p": "2394", "nome": "Andrea", "cognome": "Brusco", "codicefiscale": "BRSNDR72L22A952X", "sesso": "M", "userid": "abrusco_leifers", "email": "andrea.brusco@comune.laives.bz.it", "telefono": null, "cellulare": null, "catprotetta": false, "note": "", "attivo": true, "user": null}}, {"model": "dipendenti.dipendente", "pk": 16, "fields": {"matricola": "1009", "badge_p": "1009", "nome": "Luca", "cognome": "Brusco", "codicefiscale": "BRSLCU71R18A952M", "sesso": "M", "userid": "brusco_leifers", "email": "luca.brusco@comune.laives.bz.it", "telefono": null, "cellulare": null, "catprotetta": false, "note": "", "attivo": true, "user": null}}, {"model": "dipendenti.dipendente", "pk": 17, "fields": {"matricola": "1799", "badge_p": "1799", "nome": "Mauro", "cognome": "Bulanti", "codicefiscale": "BLNMRA75B26A952R", "sesso": "M", "userid": "bulanti_leifers", "email": "mauro.bulanti@comune.laives.bz.it", "telefono": "0471 595 796", "cellulare": null, "catprotetta": false, "note": "", "attivo": true, "user": null}}, {"model": "dipendenti.dipendente", "pk": 18, "fields": {"matricola": "1510", "badge_p": "1510", "nome": "Viviana", "cognome": "Burattin", "codicefiscale": "BRTVVN71A69A952W", "sesso": "F", "userid": "burattin_leifers", "email": "viviana.burattin@comune.laives.bz.it", "telefono": "0471 595 784", "cellulare": null, "catprotetta": false, "note": "", "attivo": true, "user": null}}, {"model": "dipendenti.dipendente", "pk": 19, "fields": {"matricola": "2446", "badge_p": "2446", "nome": "Marcella", "cognome": "Burgo", "codicefiscale": "BRGMCL87C50F132G", "sesso": "F", "userid": "burgo_leifers", "email": "marcella.burgo@comune.laives.bz.it", "telefono": null, "cellulare": null, "catprotetta": false, "note": "", "attivo": true, "user": null}}, {"model": "dipendenti.dipendente", "pk": 20, "fields": {"matricola": "1866", "badge_p": "1866", "nome": "Antonella", "cognome": "Buzzatti", "codicefiscale": "BZZNNL69E62A952L", "sesso": "F", "userid": "buzzatti_leifers", "email": "antonella.buzzatti@comune.laives.bz.it", "telefono": null, "cellulare": null, "catprotetta": false, "note": "", "attivo": true, "user": null}}, {"model": "dipendenti.dipendente", "pk": 21, "fields": {"matricola": "1222", "badge_p": "1222", "nome": "Francesca", "cognome": "Camin", "codicefiscale": "CMNFNC69C67L378E", "sesso": "F", "userid": "camin_leifers", "email": "francesca.camin@comune.laives.bz.it", "telefono": "0471 595 755", "cellulare": null, "catprotetta": false, "note": "", "attivo": true, "user": null}}, {"model": "dipendenti.dipendente", "pk": 22, "fields": {"matricola": "2024", "badge_p": "2024", "nome": "Paolo", "cognome": "Candioli", "codicefiscale": "CNDPLA65T15H612Q", "sesso": "M", "userid": "candioli_leifers", "email": "paolo.candioli@comune.laives.bz.it", "telefono": "0471 595 822", "cellulare": null, "catprotetta": false, "note": "", "attivo": true, "user": null}}, {"model": "dipendenti.dipendente", "pk": 23, "fields": {"matricola": "1230", "badge_p": "1230", "nome": "Ugo", "cognome": "Cargnello", "codicefiscale": "CRGGUO68H08A952H", "sesso": "M", "userid": "cargnel_leifers", "email": "ugo.cargnello@comune.laives.bz.it", "telefono": null, "cellulare": null, "catprotetta": false, "note": "", "attivo": true, "user": null}}, {"model": "dipendenti.dipendente", "pk": 24, "fields": {"matricola": "2170", "badge_p": "2170", "nome": "Martina", "cognome": "Carlini", "codicefiscale": "CRLMTN94B62A952C", "sesso": "F", "userid": "mcarlini_leifers", "email": "martina.carlini@comune.laives.bz.it", "telefono": "0471 595 821", "cellulare": null, "catprotetta": false, "note": "", "attivo": true, "user": null}}, {"model": "dipendenti.dipendente", "pk": 25, "fields": {"matricola": "94", "badge_p": "94", "nome": "Maurizio", "cognome": "Carlini", "codicefiscale": "CRLMRZ65A05L378T", "sesso": "M", "userid": "carlini_leifers", "email": "maurizio.carlini@comune.laives.bz.it", "telefono": null, "cellulare": null, "catprotetta": false, "note": "", "attivo": true, "user": null}}, {"model": "dipendenti.dipendente", "pk": 26, "fields": {"matricola": "1119", "badge_p": "1119", "nome": "Claudia", "cognome": "Casazza", "codicefiscale": "CSZCLD66A69A952F", "sesso": "F", "userid": "casazza_leifers", "email": "claudia.casazza@comune.laives.bz.it", "telefono": "0471 595 770", "cellulare": null, "catprotetta": false, "note": "", "attivo": true, "user": null}}, {"model": "dipendenti.dipendente", "pk": 27, "fields": {"matricola": "2032", "badge_p": "2032", "nome": "Daniele", "cognome": "Cecchini", "codicefiscale": "CCCDNL79C20A952H", "sesso": "M", "userid": "cecchini_leifers", "email": "daniele.cecchini@comune.laives.bz.it", "telefono": null, "cellulare": null, "catprotetta": false, "note": "", "attivo": true, "user": null}}, {"model": "dipendenti.dipendente", "pk": 28, "fields": {"matricola": "1266", "badge_p": "1266", "nome": "Paolo", "cognome": "Ceciliato", "codicefiscale": "CCLPLA75S04A952A", "sesso": "M", "userid": "ceciliat_leifers", "email": "paolo.ceciliato@comune.laives.bz.it", "telefono": null, "cellulare": null, "catprotetta": false, "note": "", "attivo": true, "user": null}}, {"model": "dipendenti.dipendente", "pk": 29, "fields": {"matricola": "1744", "badge_p": "1744", "nome": "Devid", "cognome": "Ceol", "codicefiscale": "CLEDVD82S21C372T", "sesso": "M", "userid": "ceol_leifers", "email": "devid.ceol@comune.laives.bz.it", "telefono": "0471 595 890", "cellulare": null, "catprotetta": false, "note": "", "attivo": true, "user": null}}, {"model": "dipendenti.dipendente", "pk": 30, "fields": {"matricola": "1162", "badge_p": "1162", "nome": "Andrea", "cognome": "Ceolan", "codicefiscale": "CLNNDR73H23A952U", "sesso": "M", "userid": "ceolan_leifers", "email": "andrea.ceolan@comune.laives.bz.it", "telefono": null, "cellulare": null, "catprotetta": false, "note": "", "attivo": true, "user": null}}, {"model": "dipendenti.dipendente", "pk": 31, "fields": {"matricola": "1165", "badge_p": "1165", "nome": "Mirna", "cognome": "Cernini", "codicefiscale": "CRNMRN64R50A952J", "sesso": "F", "userid": "cernini_leifers", "email": "mirna.cernini@comune.laives.bz.it", "telefono": "0471 595 728", "cellulare": null, "catprotetta": false, "note": "", "attivo": true, "user": null}}, {"model": "dipendenti.dipendente", "pk": 32, "fields": {"matricola": "2435", "badge_p": "2435", "nome": "Armin", "cognome": "Cognola", "codicefiscale": "CGNRMN85R14A952W", "sesso": "M", "userid": "cognola_leifers", "email": "armin.cognola@comune.laives.bz.it", "telefono": null, "cellulare": null, "catprotetta": false, "note": "", "attivo": true, "user": null}}, {"model": "dipendenti.dipendente", "pk": 33, "fields": {"matricola": "2104", "badge_p": "2104", "nome": "Valentina", "cognome": "Comandi", "codicefiscale": "CMNVNT76M65A952G", "sesso": "F", "userid": "comandi_leifers", "email": "valentina.comandi@comune.laives.bz.it", "telefono": "0471 595 730", "cellulare": null, "catprotetta": false, "note": "", "attivo": true, "user": null}}, {"model": "dipendenti.dipendente", "pk": 34, "fields": {"matricola": "1720", "badge_p": "1720", "nome": "Anna", "cognome": "Conte", "codicefiscale": "CNTNNA63L54A952C", "sesso": "F", "userid": "conte_leifers", "email": "anna.conte@comune.laives.bz.it", "telefono": "0471 595 806", "cellulare": null, "catprotetta": false, "note": "", "attivo": true, "user": null}}, {"model": "dipendenti.dipendente", "pk": 35, "fields": {"matricola": "1894", "badge_p": "1894", "nome": "Nadia", "cognome": "Corbella", "codicefiscale": "CRBNDA65A43A952B", "sesso": "F", "userid": "corbella_leifers", "email": "nadia.corbella@comune.laives.bz.it", "telefono": "0471 595 760", "cellulare": null, "catprotetta": false, "note": "", "attivo": true, "user": null}}, {"model": "dipendenti.dipendente", "pk": 36, "fields": {"matricola": "1542", "badge_p": "1542", "nome": "Claudia", "cognome": "Cornaviera", "codicefiscale": "CRNCLD72H63A952B", "sesso": "F", "userid": "claudia_leifers", "email": "claudia.cornaviera@comune.laives.bz.it", "telefono": "0471 595 891", "cellulare": null, "catprotetta": false, "note": "", "attivo": true, "user": null}}, {"model": "dipendenti.dipendente", "pk": 37, "fields": {"matricola": "2140", "badge_p": "2140", "nome": "Lorenzo", "cognome": "Cortese", "codicefiscale": "CRTLNZ98E09M067F", "sesso": "M", "userid": "lcortese_leifers", "email": "lorenzo.cortese@comune.laives.bz.it", "telefono": "0471 595 725", "cellulare": null, "catprotetta": false, "note": "", "attivo": true, "user": null}}, {"model": "dipendenti.dipendente", "pk": 38, "fields": {"matricola": "1641", "badge_p": "1641", "nome": "Alessandra", "cognome": "Cravero", "codicefiscale": "CRVLSN70P41I591S", "sesso": "F", "userid": "cravero_leifers", "email": "alessandra.cravero@comune.laives.bz.it", "telefono": null, "cellulare": null, "catprotetta": false, "note": "", "attivo": true, "user": null}}, {"model": "dipendenti.dipendente", "pk": 39, "fields": {"matricola": "2127", "badge_p": "2127", "nome": "Andrea", "cognome": "Culpo", "codicefiscale": "CLPNDR84T28A952P", "sesso": "M", "userid": "culpo_leifers", "email": "andrea.culpo@comune.laives.bz.it", "telefono": "0471 595 765", "cellulare": null, "catprotetta": false, "note": "", "attivo": true, "user": null}}, {"model": "dipendenti.dipendente", "pk": 40, "fields": {"matricola": "1532", "badge_p": "1532", "nome": "Carla", "cognome": "Cumerlotti", "codicefiscale": "CMRCRL66S41A952K", "sesso": "F", "userid": "cumerlo_leifers", "email": "carla.cumerlotti@comune.laives.bz.it", "telefono": null, "cellulare": null, "catprotetta": false, "note": "", "attivo": true, "user": null}}, {"model": "dipendenti.dipendente", "pk": 41, "fields": {"matricola": "2431", "badge_p": "2431", "nome": "Cristina", "cognome": "Dal Canto", "codicefiscale": "DLCCST73L68F132O", "sesso": "F", "userid": "dalcanto_leifers", "email": "cristina.dalcanto@comune.laives.bz.it", "telefono": null, "cellulare": null, "catprotetta": false, "note": "", "attivo": true, "user": null}}, {"model": "dipendenti.dipendente", "pk": 42, "fields": {"matricola": "2108", "badge_p": "2108", "nome": "Carlo", "cognome": "David", "codicefiscale": "DVDCRL65R19A952H", "sesso": "M", "userid": "david_leifers", "email": "carlo.david@comune.laives.bz.it", "telefono": null, "cellulare": null, "catprotetta": false, "note": "", "attivo": true, "user": null}}, {"model": "dipendenti.dipendente", "pk": 43, "fields": {"matricola": "2406", "badge_p": "2406", "nome": "Anna", "cognome": "De Honestis", "codicefiscale": "DHNNNA70B53L781C", "sesso": "F", "userid": "honestis_leifers", "email": "anna.de honestis@comune.laives.bz.it", "telefono": "0471 595 883", "cellulare": null, "catprotetta": false, "note": "", "attivo": true, "user": null}}, {"model": "dipendenti.dipendente", "pk": 44, "fields": {"matricola": "2447", "badge_p": "2447", "nome": "Michele", "cognome": "Dellai", "codicefiscale": "DLLMHL67E29A952R", "sesso": "M", "userid": "dellai_leifers", "email": "michele.dellai@comune.laives.bz.it", "telefono": null, "cellulare": null, "catprotetta": false, "note": "", "attivo": true, "user": null}}, {"model": "dipendenti.dipendente", "pk": 45, "fields": {"matricola": "1882", "badge_p": "1882", "nome": "Iolanda", "cognome": "Demanega", "codicefiscale": "DMNLND64T44A952U", "sesso": "F", "userid": "demanega_leifers", "email": "iolanda.demanega@comune.laives.bz.it", "telefono": null, "cellulare": null, "catprotetta": false, "note": "", "attivo": true, "user": null}}, {"model": "dipendenti.dipendente", "pk": 46, "fields": {"matricola": "1710", "badge_p": "1710", "nome": "Patrick", "cognome": "Demattio", "codicefiscale": "DMTPRC86P13A952V", "sesso": "M", "userid": "demattio_leifers", "email": "patrick.demattio@comune.laives.bz.it", "telefono": null, "cellulare": null, "catprotetta": false, "note": "", "attivo": true, "user": null}}, {"model": "dipendenti.dipendente", "pk": 47, "fields": {"matricola": "1808", "badge_p": "1808", "nome": "Petra", "cognome": "Demattio", "codicefiscale": "DMTPTR91H66A952O", "sesso": "F", "userid": "petradem_leifers", "email": "petra.demattio@comune.laives.bz.it", "telefono": "0471 595 792", "cellulare": null, "catprotetta": false, "note": "", "attivo": true, "user": null}}, {"model": "dipendenti.dipendente", "pk": 48, "fields": {"matricola": "1164", "badge_p": "1164", "nome": "Rosanna", "cognome": "Di Tommaso", "codicefiscale": "DTMRNN66C49H224M", "sesso": "F", "userid": "rosanna_leifers", "email": "rosanna.di.tommaso@comune.laives.bz.it", "telefono": "0471 595 761", "cellulare": null, "catprotetta": false, "note": "", "attivo": true, "user": null}}, {"model": "dipendenti.dipendente", "pk": 49, "fields": {"matricola": "1654", "badge_p": "1654", "nome": "Erna", "cognome": "Dipoli", "codicefiscale": "DPLRNE70C65A952J", "sesso": "F", "userid": "erna_leifers", "email": "erna.dipoli@comune.laives.bz.it", "telefono": "0471 595 791", "cellulare": null, "catprotetta": false, "note": "", "attivo": true, "user": null}}, {"model": "dipendenti.dipendente", "pk": 50, "fields": {"matricola": "1302", "badge_p": "1302", "nome": "Christine", "cognome": "Dorigoni", "codicefiscale": "DRGCRS65R53A952I", "sesso": "F", "userid": "dorigoni_leifers", "email": "christine.dorigoni@comune.laives.bz.it", "telefono": "0471 595 820", "cellulare": null, "catprotetta": false, "note": "", "attivo": true, "user": null}}, {"model": "dipendenti.dipendente", "pk": 51, "fields": {"matricola": "1810", "badge_p": "1810", "nome": "Thomas", "cognome": "Ebner", "codicefiscale": "BNRTMS75T12A952T", "sesso": "M", "userid": "ebner_leifers", "email": "thomas.ebner@comune.laives.bz.it", "telefono": "0471 595 795", "cellulare": null, "catprotetta": false, "note": "", "attivo": true, "user": null}}, {"model": "dipendenti.dipendente", "pk": 52, "fields": {"matricola": "1516", "badge_p": "1516", "nome": "Alessandro", "cognome": "Fabrizi", "codicefiscale": "FBRLSN77R27A952K", "sesso": "M", "userid": "fabrizi_leifers", "email": "alessandro.fabrizi@comune.laives.bz.it", "telefono": "0471 595 824", "cellulare": null, "catprotetta": false, "note": "", "attivo": true, "user": null}}, {"model": "dipendenti.dipendente", "pk": 53, "fields": {"matricola": "2432", "badge_p": "2432", "nome": "Ambra", "cognome": "Falcone", "codicefiscale": "FLCMBR93L43A952Y", "sesso": "F", "userid": "falcone_leifers", "email": "ambra.falcone@comune.laives.bz.it", "telefono": null, "cellulare": null, "catprotetta": false, "note": "", "attivo": true, "user": null}}, {"model": "dipendenti.dipendente", "pk": 54, "fields": {"matricola": "1722", "badge_p": "1722", "nome": "Lorenza", "cognome": "Fazion", "codicefiscale": "FZNLNZ72E47F443G", "sesso": "F", "userid": "fazion_leifers", "email": "lorenza.fazion@comune.laives.bz.it", "telefono": null, "cellulare": null, "catprotetta": true, "note": "", "attivo": true, "user": null}}, {"model": "dipendenti.dipendente", "pk": 55, "fields": {"matricola": "1086", "badge_p": "1086", "nome": "Raffaella", "cognome": "Folino", "codicefiscale": "FLNRFL71C42A952S", "sesso": "F", "userid": "folino_leifers", "email": "raffaella.folino@comune.laives.bz.it", "telefono": null, "cellulare": null, "catprotetta": false, "note": "", "attivo": true, "user": null}}, {"model": "dipendenti.dipendente", "pk": 56, "fields": {"matricola": "1838", "badge_p": "1838", "nome": "Nausicaa", "cognome": "Formaggioni", "codicefiscale": "FRMNSC84H48A952N", "sesso": "F", "userid": "nausicaa_leifers", "email": "nausicaa.formaggioni@comune.laives.bz.it", "telefono": "0471 595 787", "cellulare": null, "catprotetta": false, "note": "", "attivo": true, "user": null}}, {"model": "dipendenti.dipendente", "pk": 57, "fields": {"matricola": "1918", "badge_p": "1918", "nome": "Sharon", "cognome": "Franco", "codicefiscale": "FRNSRN92D43A952F", "sesso": "F", "userid": "sfranco_leifers", "email": "sharon.franco@comune.laives.bz.it", "telefono": null, "cellulare": null, "catprotetta": false, "note": "", "attivo": true, "user": null}}, {"model": "dipendenti.dipendente", "pk": 58, "fields": {"matricola": "1180", "badge_p": "1180", "nome": "Milva", "cognome": "Furini", "codicefiscale": "FRNMLV62B59A539L", "sesso": "F", "userid": "milva_leifers", "email": "milva.furini@comune.laives.bz.it", "telefono": "0471 595 833", "cellulare": null, "catprotetta": false, "note": "", "attivo": true, "user": null}}, {"model": "dipendenti.dipendente", "pk": 59, "fields": {"matricola": "2112", "badge_p": "2112", "nome": "Giorgio", "cognome": "Gasparini", "codicefiscale": "GSPGRG82R27A952F", "sesso": "M", "userid": "gasparin_leifers", "email": "giorgio.gasparini@comune.laives.bz.it", "telefono": null, "cellulare": null, "catprotetta": false, "note": "", "attivo": true, "user": null}}, {"model": "dipendenti.dipendente", "pk": 60, "fields": {"matricola": "2070", "badge_p": "2070", "nome": "Luca", "cognome": "Giacomini", "codicefiscale": "GCMLCU84E14A952O", "sesso": "M", "userid": "giacomin_leifers", "email": "luca.giacomini@comune.laives.bz.it", "telefono": "0471 595 874", "cellulare": null, "catprotetta": true, "note": "", "attivo": true, "user": null}}, {"model": "dipendenti.dipendente", "pk": 61, "fields": {"matricola": "2395", "badge_p": "2395", "nome": "Antonino", "cognome": "Giardina", "codicefiscale": "GRDNNN93T02C351M", "sesso": "M", "userid": "giardina_leifers", "email": "antonino.giardina@comune.laives.bz.it", "telefono": null, "cellulare": null, "catprotetta": false, "note": "", "attivo": true, "user": null}}, {"model": "dipendenti.dipendente", "pk": 62, "fields": {"matricola": "2138", "badge_p": "2138", "nome": "Katia", "cognome": "Gualtirolo", "codicefiscale": "GLTKTA67A47A952J", "sesso": "F", "userid": "gualtiro_leifers", "email": "katia.gualtirolo@comune.laives.bz.it", "telefono": "0471 595 782", "cellulare": null, "catprotetta": false, "note": "", "attivo": true, "user": null}}, {"model": "dipendenti.dipendente", "pk": 63, "fields": {"matricola": "1787", "badge_p": "1787", "nome": "Ulrike", "cognome": "Hofer", "codicefiscale": "HFRLRK80R56A952H", "sesso": "F", "userid": "hofer_leifers", "email": "ulrike.hofer@comune.laives.bz.it", "telefono": "0471 595 858", "cellulare": null, "catprotetta": false, "note": "", "attivo": true, "user": null}}, {"model": "dipendenti.dipendente", "pk": 64, "fields": {"matricola": "1859", "badge_p": "1859", "nome": "Barbara", "cognome": "Introvigne", "codicefiscale": "NTRBBR74S46F132A", "sesso": "F", "userid": "intro_leifers", "email": "barbara.introvigne@comune.laives.bz.it", "telefono": "0471 595 800", "cellulare": null, "catprotetta": false, "note": "", "attivo": true, "user": null}}, {"model": "dipendenti.dipendente", "pk": 65, "fields": {"matricola": "1666", "badge_p": "1666", "nome": "Evelyn", "cognome": "Kerschbaumer", "codicefiscale": "KRSVYN86S42A952K", "sesso": "F", "userid": "evelyn_leifers", "email": "evelyn.kerschbaumer@comune.laives.bz.it", "telefono": null, "cellulare": null, "catprotetta": false, "note": "", "attivo": true, "user": null}}, {"model": "dipendenti.dipendente", "pk": 66, "fields": {"matricola": "2360", "badge_p": "2360", "nome": "Stefanie", "cognome": "Klammer", "codicefiscale": "KLMSFN87D43A952U", "sesso": "F", "userid": "klammer_leifers", "email": "stefanie.klammer@comune.laives.bz.it", "telefono": null, "cellulare": null, "catprotetta": false, "note": "", "attivo": true, "user": null}}, {"model": "dipendenti.dipendente", "pk": 67, "fields": {"matricola": "1141", "badge_p": "1141", "nome": "Silvia", "cognome": "Kompatscher", "codicefiscale": "KMPSLV75M71A952I", "sesso": "F", "userid": "silvia_leifers", "email": "silvia.kompatscher@comune.laives.bz.it", "telefono": "0471 595 772", "cellulare": null, "catprotetta": false, "note": "", "attivo": true, "user": null}}, {"model": "dipendenti.dipendente", "pk": 68, "fields": {"matricola": "1130", "badge_p": "1130", "nome": "Massimo", "cognome": "Lamberti", "codicefiscale": "LMBMSM64H15A952D", "sesso": "M", "userid": "lamberti_leifers", "email": "massimo.lamberti@comune.laives.bz.it", "telefono": null, "cellulare": null, "catprotetta": false, "note": "", "attivo": true, "user": null}}, {"model": "dipendenti.dipendente", "pk": 69, "fields": {"matricola": "2124", "badge_p": "2124", "nome": "Antonio", "cognome": "Longo", "codicefiscale": "LNGNTN72L15I240X", "sesso": "M", "userid": "longo_leifers", "email": "antonio.longo@comune.laives.bz.it", "telefono": null, "cellulare": null, "catprotetta": false, "note": "", "attivo": true, "user": null}}, {"model": "dipendenti.dipendente", "pk": 70, "fields": {"matricola": "1857", "badge_p": "1857", "nome": "Martina", "cognome": "Lorenzetto", "codicefiscale": "LRNMTN87A64A952X", "sesso": "F", "userid": "mlorenz_leifers", "email": "martina.lorenzetto@comune.laives.bz.it", "telefono": null, "cellulare": null, "catprotetta": false, "note": "", "attivo": true, "user": null}}, {"model": "dipendenti.dipendente", "pk": 71, "fields": {"matricola": "243", "badge_p": "243", "nome": "Gabriella", "cognome": "Lucchi", "codicefiscale": "LCCGRL67H52A952M", "sesso": "F", "userid": "lucchi_leifers", "email": "gabriella.lucchi@comune.laives.bz.it", "telefono": null, "cellulare": null, "catprotetta": false, "note": "", "attivo": true, "user": null}}, {"model": "dipendenti.dipendente", "pk": 72, "fields": {"matricola": "2092", "badge_p": "2092", "nome": "Roberta", "cognome": "Magno", "codicefiscale": "MGNRRT85R60A952C", "sesso": "F", "userid": "magno_leifers", "email": "roberta.magno@comune.laives.bz.it", "telefono": null, "cellulare": null, "catprotetta": false, "note": "", "attivo": true, "user": null}}, {"model": "dipendenti.dipendente", "pk": 73, "fields": {"matricola": "258", "badge_p": "258", "nome": "Daniela", "cognome": "Marchelli", "codicefiscale": "MRCDNL67B41A952B", "sesso": "F", "userid": "marchell_leifers", "email": "daniela.marchelli@comune.laives.bz.it", "telefono": "0471 595 863", "cellulare": null, "catprotetta": false, "note": "", "attivo": true, "user": null}}, {"model": "dipendenti.dipendente", "pk": 74, "fields": {"matricola": "2434", "badge_p": "2434", "nome": "Julica", "cognome": "Marinelli", "codicefiscale": "MRNJLC78B62A952H", "sesso": "F", "userid": "julica_leifers", "email": "julica.marinelli@comune.laives.bz.it", "telefono": null, "cellulare": null, "catprotetta": false, "note": "", "attivo": true, "user": null}}, {"model": "dipendenti.dipendente", "pk": 75, "fields": {"matricola": "1922", "badge_p": "1922", "nome": "Sarah", "cognome": "Martino", "codicefiscale": "MRTSRH93B62A952S", "sesso": "F", "userid": "martino_leifers", "email": "sarah.martino@comune.laives.bz.it", "telefono": null, "cellulare": null, "catprotetta": false, "note": "", "attivo": true, "user": null}}, {"model": "dipendenti.dipendente", "pk": 76, "fields": {"matricola": "1093", "badge_p": "1093", "nome": "Irma", "cognome": "Matteazzi", "codicefiscale": "MTTRMI74H58A952F", "sesso": "F", "userid": "irma_leifers", "email": "irma.matteazzi@comune.laives.bz.it", "telefono": null, "cellulare": null, "catprotetta": false, "note": "", "attivo": true, "user": null}}, {"model": "dipendenti.dipendente", "pk": 77, "fields": {"matricola": "1432", "badge_p": "1432", "nome": "Ilse", "cognome": "Mayrl", "codicefiscale": "MYRLSI63P61C254Z", "sesso": "F", "userid": "ilse_leifers", "email": "ilse.mayrl@comune.laives.bz.it", "telefono": "0471 595 805", "cellulare": null, "catprotetta": false, "note": "", "attivo": true, "user": null}}, {"model": "dipendenti.dipendente", "pk": 78, "fields": {"matricola": "267", "badge_p": "267", "nome": "Liliana", "cognome": "Mazzucchi", "codicefiscale": "MZZLLN63L42Z600K", "sesso": "F", "userid": "liliana_leifers", "email": "liliana.mazzucchi@comune.laives.bz.it", "telefono": null, "cellulare": null, "catprotetta": false, "note": "", "attivo": true, "user": null}}, {"model": "dipendenti.dipendente", "pk": 79, "fields": {"matricola": "1053", "badge_p": "1053", "nome": "Roberta", "cognome": "Mellarini", "codicefiscale": "MLLRRT70D41A952G", "sesso": "F", "userid": "roberta_leifers", "email": "roberta.mellarini@comune.laives.bz.it", "telefono": "0471 595 773", "cellulare": null, "catprotetta": false, "note": "", "attivo": true, "user": null}}, {"model": "dipendenti.dipendente", "pk": 81, "fields": {"matricola": "1626", "badge_p": "1626", "nome": "Alessandro", "cognome": "Mirandola", "codicefiscale": "MRNLSN64L25A022H", "sesso": "M", "userid": "mirandol_leifers", "email": "alessandro.mirandola@comune.laives.bz.it", "telefono": "0471 595 854", "cellulare": null, "catprotetta": false, "note": "", "attivo": true, "user": null}}, {"model": "dipendenti.dipendente", "pk": 82, "fields": {"matricola": "1249", "badge_p": "1249", "nome": "Alessandra", "cognome": "Montel", "codicefiscale": "MNTLSN67C62A952U", "sesso": "F", "userid": "montel_leifers", "email": "alessandra.montel@comune.laives.bz.it", "telefono": "0471 595 825", "cellulare": null, "catprotetta": false, "note": "", "attivo": true, "user": null}}, {"model": "dipendenti.dipendente", "pk": 83, "fields": {"matricola": "2436", "badge_p": "2436", "nome": "Bouchra", "cognome": "Nadif", "codicefiscale": "NDFBHR97P54Z330W", "sesso": "F", "userid": "nadif_leifers", "email": "bouchra.nadif@comune.laives.bz.it", "telefono": null, "cellulare": null, "catprotetta": false, "note": "", "attivo": true, "user": null}}, {"model": "dipendenti.dipendente", "pk": 84, "fields": {"matricola": "2126", "badge_p": "2126", "nome": "Sarah", "cognome": "Negri", "codicefiscale": "NGRSRH87B50A952A", "sesso": "F", "userid": "negri_leifers", "email": "sarah.negri@comune.laives.bz.it", "telefono": "0471 595 751", "cellulare": null, "catprotetta": false, "note": "", "attivo": true, "user": null}}, {"model": "dipendenti.dipendente", "pk": 85, "fields": {"matricola": "1692", "badge_p": "1692", "nome": "Francesca", "cognome": "Nese", "codicefiscale": "NSEFNC80A44A952I", "sesso": "F", "userid": "nese_leifers", "email": "francesca.nese@comune.laives.bz.it", "telefono": null, "cellulare": null, "catprotetta": false, "note": "", "attivo": true, "user": null}}, {"model": "dipendenti.dipendente", "pk": 86, "fields": {"matricola": "1670", "badge_p": "1670", "nome": "Mariatheresia", "cognome": "Neuhauser", "codicefiscale": "NHSMTH65E69A952D", "sesso": "F", "userid": "mariathe_leifers", "email": "mariatheresia.neuhauser@comune.laives.bz.it", "telefono": "0471 595 741", "cellulare": null, "catprotetta": false, "note": "", "attivo": true, "user": null}}, {"model": "dipendenti.dipendente", "pk": 87, "fields": {"matricola": "2408", "badge_p": "2408", "nome": "Giulia", "cognome": "Ordiano", "codicefiscale": "RDNGLI70D69L154V", "sesso": "F", "userid": "ordiano_leifers", "email": "giulia.ordiano@comune.laives.bz.it", "telefono": null, "cellulare": null, "catprotetta": false, "note": "", "attivo": true, "user": null}}, {"model": "dipendenti.dipendente", "pk": 88, "fields": {"matricola": "2430", "badge_p": "2430", "nome": "Anna", "cognome": "Orsolin", "codicefiscale": "RSLNNA86M68A952G", "sesso": "F", "userid": "orsolin_leifers", "email": "anna.orsolin@comune.laives.bz.it", "telefono": "0471 595 841", "cellulare": null, "catprotetta": false, "note": "", "attivo": true, "user": null}}, {"model": "dipendenti.dipendente", "pk": 89, "fields": {"matricola": "1578", "badge_p": "1578", "nome": "Luca", "cognome": "Pasini", "codicefiscale": "PSNLCU74H26A952H", "sesso": "M", "userid": "pasini_leifers", "email": "luca.pasini@comune.laives.bz.it", "telefono": "0471 595 724", "cellulare": null, "catprotetta": false, "note": "", "attivo": true, "user": null}}, {"model": "dipendenti.dipendente", "pk": 90, "fields": {"matricola": "1694", "badge_p": "1694", "nome": "Laura", "cognome": "Penner", "codicefiscale": "PNNLRA64C43A952R", "sesso": "F", "userid": "penner_leifers", "email": "laura.penner@comune.laives.bz.it", "telefono": null, "cellulare": null, "catprotetta": false, "note": "", "attivo": true, "user": null}}, {"model": "dipendenti.dipendente", "pk": 91, "fields": {"matricola": "2088", "badge_p": "2088", "nome": "Luca", "cognome": "Peterle", "codicefiscale": "PTRLCU83M16A952X", "sesso": "M", "userid": "peterle_leifers", "email": "luca.peterle@comune.laives.bz.it", "telefono": null, "cellulare": null, "catprotetta": false, "note": "", "attivo": true, "user": null}}, {"model": "dipendenti.dipendente", "pk": 92, "fields": {"matricola": "307", "badge_p": "307", "nome": "Christine", "cognome": "Pfeifer", "codicefiscale": "PFFCRS64T60A952Q", "sesso": "F", "userid": "pfeifer_leifers", "email": "christine.pfeifer@comune.laives.bz.it", "telefono": null, "cellulare": null, "catprotetta": false, "note": "", "attivo": true, "user": null}}, {"model": "dipendenti.dipendente", "pk": 93, "fields": {"matricola": "321", "badge_p": "321", "nome": "Ulrike", "cognome": "Pfeifhofer Gianni", "codicefiscale": "PFFLRK64M65A952H", "sesso": "F", "userid": "ulrike_leifers", "email": "ulrike.pfeifhofer@comune.laives.bz.it", "telefono": "0471 595 802", "cellulare": null, "catprotetta": false, "note": "", "attivo": true, "user": null}}, {"model": "dipendenti.dipendente", "pk": 94, "fields": {"matricola": "1579", "badge_p": "1579", "nome": "Roland", "cognome": "Pichler", "codicefiscale": "PCHRND78P21A952T", "sesso": "M", "userid": "roland_leifers", "email": "roland.pichler@comune.laives.bz.it", "telefono": "0471 595 884", "cellulare": null, "catprotetta": false, "note": "", "attivo": true, "user": null}}, {"model": "dipendenti.dipendente", "pk": 95, "fields": {"matricola": "1415", "badge_p": "1415", "nome": "Sigrid", "cognome": "Pichler", "codicefiscale": "PCHSRD80M57A952L", "sesso": "F", "userid": "sigrid_leifers", "email": "sigrid.pichler@comune.laives.bz.it", "telefono": "0471 595 781", "cellulare": null, "catprotetta": false, "note": "", "attivo": true, "user": null}}, {"model": "dipendenti.dipendente", "pk": 96, "fields": {"matricola": "2102", "badge_p": "2102", "nome": "Fabrizio", "cognome": "Povinelli", "codicefiscale": "PVNFRZ71A30L174C", "sesso": "M", "userid": "povinell_leifers", "email": "fabrizio.povinelli@comune.laives.bz.it", "telefono": "0471 595 766", "cellulare": null, "catprotetta": false, "note": "", "attivo": true, "user": null}}, {"model": "dipendenti.dipendente", "pk": 97, "fields": {"matricola": "1424", "badge_p": "1424", "nome": "Maura", "cognome": "Ravagnani", "codicefiscale": "RVGMRA73P69A952P", "sesso": "F", "userid": "ravagnan_leifers", "email": "maura.ravagnani@comune.laives.bz.it", "telefono": null, "cellulare": null, "catprotetta": false, "note": "", "attivo": true, "user": null}}, {"model": "dipendenti.dipendente", "pk": 98, "fields": {"matricola": "2139", "badge_p": "2139", "nome": "Raphael", "cognome": "Resch", "codicefiscale": "RSCRHL91C15A952S", "sesso": "M", "userid": "resch_leifers", "email": "raphael.resch@comune.laives.bz.it", "telefono": "0471 595 831", "cellulare": null, "catprotetta": false, "note": "", "attivo": true, "user": null}}, {"model": "dipendenti.dipendente", "pk": 99, "fields": {"matricola": "1628", "badge_p": "1628", "nome": "Barbara", "cognome": "Riegler", "codicefiscale": "RGLBBR73T70F132N", "sesso": "F", "userid": "riegler_leifers", "email": "barbara.riegler@comune.laives.bz.it", "telefono": "0471 595 804", "cellulare": null, "catprotetta": false, "note": "", "attivo": true, "user": null}}, {"model": "dipendenti.dipendente", "pk": 100, "fields": {"matricola": "341", "badge_p": "341", "nome": "Bruna", "cognome": "Rizzoli", "codicefiscale": "RZZBRN67H66A952N", "sesso": "F", "userid": "rizzoli_leifers", "email": "bruna.rizzoli@comune.laives.bz.it", "telefono": "0471 595 881", "cellulare": null, "catprotetta": false, "note": "", "attivo": true, "user": null}}, {"model": "dipendenti.dipendente", "pk": 101, "fields": {"matricola": "1244", "badge_p": "1244", "nome": "Fiorenza", "cognome": "Rosi", "codicefiscale": "RSOFNZ67E42G337E", "sesso": "F", "userid": "fiorenza_leifers", "email": "fiorenza.rosi@comune.laives.bz.it", "telefono": "0471 595 750", "cellulare": null, "catprotetta": false, "note": "", "attivo": true, "user": null}}, {"model": "dipendenti.dipendente", "pk": 102, "fields": {"matricola": "2405", "badge_p": "2405", "nome": "Viviana", "cognome": "Rosin", "codicefiscale": "RSNVVN90H69A952E", "sesso": "F", "userid": "rosin_leifers", "email": "viviana.rosin@comune.laives.bz.it", "telefono": "0471 595 803", "cellulare": null, "catprotetta": false, "note": "", "attivo": true, "user": null}}, {"model": "dipendenti.dipendente", "pk": 103, "fields": {"matricola": "1274", "badge_p": "1274", "nome": "Donatella", "cognome": "Rotulo", "codicefiscale": "RTLDTL60T58A952N", "sesso": "F", "userid": "rotulo_leifers", "email": "donatella.rotulo@comune.laives.bz.it", "telefono": null, "cellulare": null, "catprotetta": false, "note": "", "attivo": true, "user": null}}, {"model": "dipendenti.dipendente", "pk": 104, "fields": {"matricola": "2407", "badge_p": "2407", "nome": "Caterina", "cognome": "Ruscio", "codicefiscale": "RSCCRN82B50M208N", "sesso": "F", "userid": "ruscio_leifers", "email": "caterina.ruscio@comune.laives.bz.it", "telefono": null, "cellulare": null, "catprotetta": false, "note": "", "attivo": true, "user": null}}, {"model": "dipendenti.dipendente", "pk": 105, "fields": {"matricola": "2130", "badge_p": "2130", "nome": "Elia", "cognome": "Salvadori", "codicefiscale": "SLVLEI95M01A952G", "sesso": "M", "userid": "salvador_leifers", "email": "elia.salvadori@comune.laives.bz.it", "telefono": null, "cellulare": null, "catprotetta": false, "note": "", "attivo": true, "user": null}}, {"model": "dipendenti.dipendente", "pk": 106, "fields": {"matricola": "359", "badge_p": "359", "nome": "Giovanna", "cognome": "Scolati", "codicefiscale": "SCLGNN63D46A952C", "sesso": "F", "userid": "scolati_leifers", "email": "giovanna.scolati@comune.laives.bz.it", "telefono": null, "cellulare": null, "catprotetta": false, "note": "", "attivo": true, "user": null}}, {"model": "dipendenti.dipendente", "pk": 107, "fields": {"matricola": "358", "badge_p": "358", "nome": "Francesco", "cognome": "Sebastiani", "codicefiscale": "SBSFNC66D18F880D", "sesso": "M", "userid": "sebastia_leifers", "email": "francesco.sebastiani@comune.laives.bz.it", "telefono": "0471 595 882", "cellulare": null, "catprotetta": false, "note": "", "attivo": true, "user": null}}, {"model": "dipendenti.dipendente", "pk": 108, "fields": {"matricola": "2396", "badge_p": "2396", "nome": "Fabrizio", "cognome": "Simonte", "codicefiscale": "SMNFRZ89S24G348N", "sesso": "M", "userid": "simonte_leifers", "email": "fabrizio.simonte@comune.laives.bz.it", "telefono": null, "cellulare": null, "catprotetta": false, "note": "", "attivo": true, "user": null}}, {"model": "dipendenti.dipendente", "pk": 109, "fields": {"matricola": "1105", "badge_p": "1105", "nome": "Renzo", "cognome": "Sirena", "codicefiscale": "SRNRNZ65R18A083T", "sesso": "M", "userid": "sirena_leifers", "email": "renzo.sirena@comune.laives.bz.it", "telefono": null, "cellulare": null, "catprotetta": true, "note": "", "attivo": true, "user": null}}, {"model": "dipendenti.dipendente", "pk": 110, "fields": {"matricola": "2393", "badge_p": "2393", "nome": "Martino", "cognome": "Sommadossi", "codicefiscale": "SMMMTN92C27A952D", "sesso": "M", "userid": "sommart_leifers", "email": "martino.sommadossi@comune.laives.bz.it", "telefono": null, "cellulare": null, "catprotetta": false, "note": "", "attivo": true, "user": null}}, {"model": "dipendenti.dipendente", "pk": 111, "fields": {"matricola": "2358", "badge_p": "2358", "nome": "Tomas", "cognome": "Sommadossi", "codicefiscale": "SMMTMS79P25L378D", "sesso": "M", "userid": "sommados_leifers", "email": "tomas.sommadossi@comune.laives.bz.it", "telefono": null, "cellulare": null, "catprotetta": false, "note": "", "attivo": true, "user": null}}, {"model": "dipendenti.dipendente", "pk": 112, "fields": {"matricola": "1300", "badge_p": "1300", "nome": "Silvia", "cognome": "Spucches", "codicefiscale": "SPCSLV79H66A952O", "sesso": "F", "userid": "spucches_leifers", "email": "silvia.spucches@comune.laives.bz.it", "telefono": null, "cellulare": null, "catprotetta": false, "note": "", "attivo": true, "user": null}}, {"model": "dipendenti.dipendente", "pk": 113, "fields": {"matricola": "1680", "badge_p": "1680", "nome": "Gabriella", "cognome": "Stevanello", "codicefiscale": "STVGRL73S59A952Z", "sesso": "F", "userid": "gabry_leifers", "email": "gabriella.stevanello@comune.laives.bz.it", "telefono": "0471 595 827", "cellulare": null, "catprotetta": false, "note": "", "attivo": true, "user": null}}, {"model": "dipendenti.dipendente", "pk": 114, "fields": {"matricola": "1862", "badge_p": "1862", "nome": "Cristian", "cognome": "Straudi", "codicefiscale": "STRCST73A23C794J", "sesso": "M", "userid": "straudi_leifers", "email": "cristian.straudi@comune.laives.bz.it", "telefono": "0471 595 797", "cellulare": null, "catprotetta": false, "note": "", "attivo": true, "user": null}}, {"model": "dipendenti.dipendente", "pk": 115, "fields": {"matricola": "2429", "badge_p": "2429", "nome": "Saskia", "cognome": "Strickner", "codicefiscale": "STRSSK95S41A952W", "sesso": "F", "userid": "saskia_leifers", "email": "saskia.strickner@comune.laives.bz.it", "telefono": "0471 595 828", "cellulare": null, "catprotetta": false, "note": "", "attivo": true, "user": null}}, {"model": "dipendenti.dipendente", "pk": 116, "fields": {"matricola": "2030", "badge_p": "2030", "nome": "Annamaria", "cognome": "Tanel", "codicefiscale": "TNLNMR74E59A952K", "sesso": "F", "userid": "tanel_leifers", "email": "annamaria.tanel@comune.laives.bz.it", "telefono": "0471 595 768", "cellulare": null, "catprotetta": false, "note": "", "attivo": true, "user": null}}, {"model": "dipendenti.dipendente", "pk": 117, "fields": {"matricola": "1814", "badge_p": "1814", "nome": "Graziano", "cognome": "Tessari", "codicefiscale": "TSSGZN68S16F132U", "sesso": "M", "userid": "tessari_leifers", "email": "graziano.tessari@comune.laives.bz.it", "telefono": "0471 595 785", "cellulare": null, "catprotetta": false, "note": "", "attivo": true, "user": null}}, {"model": "dipendenti.dipendente", "pk": 118, "fields": {"matricola": "408", "badge_p": "408", "nome": "Barbara", "cognome": "Ton", "codicefiscale": "TNOBBR63T44A952C", "sesso": "F", "userid": "ton_leifers", "email": "barbara.ton@comune.laives.bz.it", "telefono": null, "cellulare": null, "catprotetta": false, "note": "", "attivo": true, "user": null}}, {"model": "dipendenti.dipendente", "pk": 119, "fields": {"matricola": "1495", "badge_p": "1495", "nome": "Claudia", "cognome": "Trevisan", "codicefiscale": "TRVCLD66L45A952T", "sesso": "F", "userid": "trevisan_leifers", "email": "claudia.trevisan@comune.laives.bz.it", "telefono": null, "cellulare": null, "catprotetta": false, "note": "", "attivo": true, "user": null}}, {"model": "dipendenti.dipendente", "pk": 120, "fields": {"matricola": "1428", "badge_p": "1428", "nome": "Paolo", "cognome": "Tripodi", "codicefiscale": "TRPPLA64M05A952E", "sesso": "M", "userid": "paolo_leifers", "email": "paolo.tripodi@comune.laives.bz.it", "telefono": "0471 595 790", "cellulare": null, "catprotetta": false, "note": "", "attivo": true, "user": null}}, {"model": "dipendenti.dipendente", "pk": 121, "fields": {"matricola": "1476", "badge_p": "1476", "nome": "Andrea", "cognome": "Varolo", "codicefiscale": "VRLNDR72H04A952O", "sesso": "M", "userid": "varolo_leifers", "email": "andrea.varolo@comune.laives.bz.it", "telefono": null, "cellulare": null, "catprotetta": false, "note": "", "attivo": true, "user": null}}, {"model": "dipendenti.dipendente", "pk": 122, "fields": {"matricola": "1419", "badge_p": "1419", "nome": "Maruska", "cognome": "Vertuan", "codicefiscale": "VRTMSK71E65A952W", "sesso": "F", "userid": "maruska_leifers", "email": "maruska.vertuan@comune.laives.bz.it", "telefono": "0471 595 786", "cellulare": null, "catprotetta": false, "note": "", "attivo": true, "user": null}}, {"model": "dipendenti.dipendente", "pk": 123, "fields": {"matricola": "1700", "badge_p": "1700", "nome": "Tiziana", "cognome": "Vicentini", "codicefiscale": "VCNTZN79A58A952N", "sesso": "F", "userid": "tiziana_leifers", "email": "tiziana.vicentini@comune.laives.bz.it", "telefono": "0471 595 732", "cellulare": null, "catprotetta": false, "note": "", "attivo": true, "user": null}}, {"model": "dipendenti.dipendente", "pk": 124, "fields": {"matricola": "1063", "badge_p": "1063", "nome": "Astrid", "cognome": "Visintainer", "codicefiscale": "VSNSRD67S41A952Q", "sesso": "F", "userid": "visinta_leifers", "email": "astrid.visintainer@comune.laives.bz.it", "telefono": null, "cellulare": null, "catprotetta": false, "note": "", "attivo": true, "user": null}}, {"model": "dipendenti.dipendente", "pk": 125, "fields": {"matricola": "1580", "badge_p": "1580", "nome": "Christian", "cognome": "Visocchi", "codicefiscale": "VSCCRS74D07A952H", "sesso": "M", "userid": "chrix_leifers", "email": "christian.visocchi@comune.laives.bz.it", "telefono": null, "cellulare": null, "catprotetta": false, "note": "", "attivo": true, "user": null}}, {"model": "dipendenti.dipendente", "pk": 126, "fields": {"matricola": "1155", "badge_p": "1155", "nome": "Gabriele", "cognome": "Volani", "codicefiscale": "VLNGRL68E07A952Q", "sesso": "M", "userid": "volani_leifers", "email": "gabriele.volani@comune.laives.bz.it", "telefono": null, "cellulare": null, "catprotetta": false, "note": "", "attivo": true, "user": null}}, {"model": "dipendenti.dipendente", "pk": 127, "fields": {"matricola": "2370", "badge_p": "2370", "nome": "Monica", "cognome": "Webber", "codicefiscale": "WBBMNC85S41A952Y", "sesso": "F", "userid": "webber_leifers", "email": "monica.webber@comune.laives.bz.it", "telefono": "0471 595 767", "cellulare": null, "catprotetta": false, "note": "", "attivo": true, "user": null}}, {"model": "dipendenti.dipendente", "pk": 128, "fields": {"matricola": "1920", "badge_p": "1920", "nome": "Katrin", "cognome": "Yepes", "codicefiscale": "YPSKRN92T58A952S", "sesso": "F", "userid": "yepes_leifers", "email": "katrin.yepes@comune.laives.bz.it", "telefono": null, "cellulare": null, "catprotetta": false, "note": "", "attivo": true, "user": null}}, {"model": "dipendenti.dipendente", "pk": 129, "fields": {"matricola": "1595", "badge_p": "1595", "nome": "Manuela", "cognome": "Zöschg", "codicefiscale": "ZSCMNL61C46B160H", "sesso": "F", "userid": "zoeschg_leifers", "email": "manuela.zoeschg@comune.laives.bz.it", "telefono": "0471 595 731", "cellulare": null, "catprotetta": false, "note": "", "attivo": true, "user": null}}, {"model": "dipendenti.dipendente", "pk": 130, "fields": {"matricola": "1108", "badge_p": "1108", "nome": "Kathrin", "cognome": "Zelger", "codicefiscale": "ZLGKHR76H50A952O", "sesso": "F", "userid": "kathrin_leifers", "email": "kathrin.zelger@comune.laives.bz.it", "telefono": "0471 595 722", "cellulare": null, "catprotetta": false, "note": "", "attivo": true, "user": null}}, {"model": "dipendenti.dipendente", "pk": 131, "fields": {"matricola": "1171", "badge_p": "1171", "nome": "Paola", "cognome": "Zelger", "codicefiscale": "ZLGPLA66L61E421K", "sesso": "F", "userid": "zelger_leifers", "email": "paola.zelger@comune.laives.bz.it", "telefono": "0471 595 723", "cellulare": null, "catprotetta": false, "note": "", "attivo": true, "user": null}}, {"model": "dipendenti.dipendente", "pk": 132, "fields": {"matricola": "2433", "badge_p": "2433", "nome": "Patrizia", "cognome": "Zeni", "codicefiscale": "ZNEPRZ73B48F187K", "sesso": "F", "userid": "zeni_leifers", "email": "patrizia.zeni@comune.laives.bz.it", "telefono": null, "cellulare": null, "catprotetta": false, "note": "", "attivo": true, "user": null}}, {"model": "dipendenti.dipendente", "pk": 133, "fields": {"matricola": "2397", "badge_p": "2397", "nome": "Daniel", "cognome": "Zenorini", "codicefiscale": "ZNRDNL88M16A952O", "sesso": "M", "userid": "zenorini_leifers", "email": "daniel.zenorini@comune.laives.bz.it", "telefono": null, "cellulare": null, "catprotetta": false, "note": "", "attivo": true, "user": null}}, {"model": "dipendenti.dipendente", "pk": 134, "fields": {"matricola": "2365", "badge_p": "2365", "nome": "Icka", "cognome": "Zottele", "codicefiscale": "ZTTCKI92T68C372V", "sesso": "F", "userid": "zottele_leifers", "email": "icka.zottele@comune.laives.bz.it", "telefono": "0471 595 783", "cellulare": null, "catprotetta": false, "note": "", "attivo": true, "user": null}}, {"model": "dipendenti.dipendente", "pk": 135, "fields": {"matricola": "2134", "badge_p": "2134", "nome": "Debora", "cognome": "Zuddas", "codicefiscale": "ZDDDBR90T59L378C", "sesso": "F", "userid": "zuddas_leifers", "email": "debora.zuddas@comune.laives.bz.it", "telefono": null, "cellulare": null, "catprotetta": false, "note": "", "attivo": true, "user": null}}, {"model": "dipendenti.dipendente", "pk": 136, "fields": {"matricola": "2465", "badge_p": "2465", "nome": "Isabel", "cognome": "Girardi", "codicefiscale": "GRRSBL01P54A952P", "sesso": "F", "userid": "girardi_leifers", "email": "isabel.girardi@comune.laives.bz.it", "telefono": "0471 595 823", "cellulare": null, "catprotetta": false, "note": "", "attivo": true, "user": null}}, {"model": "dipendenti.dipendente", "pk": 137, "fields": {"matricola": "2464", "badge_p": "2464", "nome": "Mattia", "cognome": "Romani", "codicefiscale": "RMNMTT93T08A952R", "sesso": "M", "userid": "romani_leifers", "email": "mattia.romani@comune.laives.bz.it", "telefono": "0471 595 844", "cellulare": null, "catprotetta": false, "note": "", "attivo": true, "user": null}}, {"model": "dipendenti.dipendente", "pk": 138, "fields": {"matricola": "2463", "badge_p": "2463", "nome": "Davide", "cognome": "Trolese", "codicefiscale": "TRLDVD87B18A952Y", "sesso": "F", "userid": "trolese_leifers", "email": "davide.trolese@comune.laives.bz.it", "telefono": null, "cellulare": null, "catprotetta": false, "note": "", "attivo": true, "user": null}}, {"model": "dipendenti.dipendente", "pk": 139, "fields": {"matricola": "2462", "badge_p": "2462", "nome": "Sara", "cognome": "Lazzarini", "codicefiscale": "LZZSRA90M41B160Z", "sesso": "F", "userid": "lazzarin_leifers", "email": "sara.lazzarini@comune.laives.bz.it", "telefono": null, "cellulare": null, "catprotetta": false, "note": "", "attivo": true, "user": null}}, {"model": "dipendenti.dipendente", "pk": 140, "fields": {"matricola": "2462", "badge_p": "2462", "nome": "Stefano", "cognome": "Nardon", "codicefiscale": "NRDSFN77B24A952Y", "sesso": "M", "userid": "nardon_leifers", "email": "stefano.nardon@comune.laives.bz.it", "telefono": "0471 595 840", "cellulare": null, "catprotetta": false, "note": "", "attivo": true, "user": null}}, {"model": "dipendenti.dipendente", "pk": 141, "fields": {"matricola": "2460", "badge_p": "2460", "nome": "Andrea", "cognome": "Camporesi", "codicefiscale": "CMPNDR88L31A952S", "sesso": "M", "userid": "campores_leifers", "email": "andrea.comporesi@comune.laives.bz.it", "telefono": null, "cellulare": null, "catprotetta": false, "note": "", "attivo": true, "user": null}}, {"model": "dipendenti.dipendente", "pk": 142, "fields": {"matricola": "2361", "badge_p": "2361", "nome": "Chiara", "cognome": "Gioco", "codicefiscale": "GCICHR85P50A952G", "sesso": "F", "userid": "gioco_leifers", "email": "chiara.gioco@comune.laives.bz.it", "telefono": "0471 595 829", "cellulare": null, "catprotetta": false, "note": "", "attivo": true, "user": null}}, {"model": "dipendenti.dipendente", "pk": 143, "fields": {"matricola": "2471", "badge_p": "2471", "nome": "Astrid", "cognome": "De Zordo", "codicefiscale": "DZRSRD82D48A952V", "sesso": "F", "userid": "dezordo_leifers", "email": "astrid.dezordo@comune.laives.bz.it", "telefono": "0471 595 771", "cellulare": null, "catprotetta": false, "note": "", "attivo": true, "user": null}}, {"model": "dipendenti.dipendente", "pk": 144, "fields": {"matricola": "2472", "badge_p": "2472", "nome": "Davide", "cognome": "Degasper", "codicefiscale": "DGSDVD97R11A952F", "sesso": "M", "userid": "degasper_leifers", "email": "davide.degasper@comune.laives.bz.it", "telefono": "0471 595 830", "cellulare": null, "catprotetta": false, "note": "", "attivo": true, "user": null}}, {"model": "dipendenti.dipendente", "pk": 145, "fields": {"matricola": "2473", "badge_p": "2473", "nome": "Valeria", "cognome": "Palazzolo", "codicefiscale": "PLZVLR89D67A952M", "sesso": "F", "userid": "valeria_leifers", "email": "valeria.palazzolo@comune.laives.bz.it", "telefono": null, "cellulare": null, "catprotetta": false, "note": "", "attivo": true, "user": null}}, {"model": "dipendenti.dipendente", "pk": 146, "fields": {"matricola": "2475", "badge_p": "2475", "nome": "Giulia", "cognome": "Manica", "codicefiscale": "MNCGLI93D56A95G", "sesso": "F", "userid": "manica_leifers", "email": "giulia.manica@comune.laives.bz.it", "telefono": "0471 595 763", "cellulare": null, "catprotetta": false, "note": "", "attivo": true, "user": null}}, {"model": "dipendenti.dipendente", "pk": 147, "fields": {"matricola": "2479", "badge_p": "2479", "nome": "Alice", "cognome": "Bertinazzo", "codicefiscale": "BRTLCA92M54A952D", "sesso": "F", "userid": "alice_leifers", "email": "alice.bertinazzo@comune.laives.bz.it", "telefono": null, "cellulare": null, "catprotetta": false, "note": "", "attivo": true, "user": null}}, {"model": "dipendenti.dipendente", "pk": 148, "fields": {"matricola": "2478", "badge_p": "2478", "nome": "Eden", "cognome": "Giovanazzi", "codicefiscale": "GVNDNE97B66A952H", "sesso": "F", "userid": "eden_leifers", "email": "eden.giovanazzi@comune.laives.bz.it", "telefono": null, "cellulare": null, "catprotetta": false, "note": "", "attivo": true, "user": null}}, {"model": "dipendenti.dipendente", "pk": 149, "fields": {"matricola": "2481", "badge_p": "2481", "nome": "Arben", "cognome": "Brija", "codicefiscale": null, "sesso": "M", "userid": "brija_leifers", "email": "arben.brija@comune.laives.bz.it", "telefono": null, "cellulare": null, "catprotetta": false, "note": "", "attivo": true, "user": null}}, {"model": "dipendenti.dipendente", "pk": 150, "fields": {"matricola": "2483", "badge_p": "2483", "nome": "Markus", "cognome": "Cappello", "codicefiscale": "CPPMKS89R10A952U", "sesso": "M", "userid": "cappello_leifers", "email": "markus.cappello@comune.laives.bz.it", "telefono": "0471 595 834", "cellulare": null, "catprotetta": false, "note": "", "attivo": true, "user": null}}, {"model": "dipendenti.dipendente", "pk": 151, "fields": {"matricola": "2497", "badge_p": "2497", "nome": "Claudio", "cognome": "Pollacci", "codicefiscale": "PLLCLD69P19A952D", "sesso": "M", "userid": "pollacci_leifers", "email": "claudio.pollacci@comune.laives.bz.it", "telefono": "0471 595 872", "cellulare": null, "catprotetta": false, "note": "", "attivo": true, "user": null}}, {"model": "dipendenti.dipendente", "pk": 152, "fields": {"matricola": "2498", "badge_p": "2498", "nome": "Cinzia", "cognome": "Brunialti", "codicefiscale": "BRNCNZ66E57L378Y", "sesso": "F", "userid": "brunialt_leifers", "email": "cinzia.brunialti@comune.laives.bz.it", "telefono": "0471 595 832", "cellulare": null, "catprotetta": false, "note": "", "attivo": true, "user": null}}, {"model": "dipendenti.dipendente", "pk": 153, "fields": {"matricola": "999999", "badge_p": "999999", "nome": "Francesco", "cognome": "Trentini", "codicefiscale": null, "sesso": "M", "userid": "sidera_leifers", "email": "francesco.trentini@sidera.it", "telefono": null, "cellulare": null, "catprotetta": false, "note": "", "attivo": true, "user": null}}, {"model": "dipendenti.dipendente", "pk": 154, "fields": {"matricola": "999998", "badge_p": "999998", "nome": "Nicola", "cognome": "De Stefani", "codicefiscale": null, "sesso": "M", "userid": "destefan_leifers", "email": "nicola.destefani@comune.laives.bz.it", "telefono": "0471 595 746", "cellulare": null, "catprotetta": true, "note": "", "attivo": true, "user": null}}, {"model": "dipendenti.dipendente", "pk": 155, "fields": {"matricola": "2501", "badge_p": "2501", "nome": "Samuel", "cognome": "Bilato", "codicefiscale": "BLTSML00D25A952W", "sesso": "M", "userid": "bilato_leifers", "email": "samuel.bilato@comune.laives.bz.it", "telefono": "0471 595 873", "cellulare": null, "catprotetta": false, "note": "", "attivo": true, "user": null}}, {"model": "dipendenti.dipendente", "pk": 156, "fields": {"matricola": "2503", "badge_p": "2503", "nome": "Elisa", "cognome": "Berni", "codicefiscale": "BRNLSE99M54M082W", "sesso": "F", "userid": "berni_leifers", "email": "elisa.berni@comune.laives.bz.it", "telefono": null, "cellulare": null, "catprotetta": false, "note": "", "attivo": true, "user": null}}, {"model": "dipendenti.dipendente", "pk": 157, "fields": {"matricola": "2504", "badge_p": "2504", "nome": "Dora", "cognome": "Vecchio", "codicefiscale": "VCCDRO83H69A952J", "sesso": "F", "userid": "vecchio_leifers", "email": "dora.vecchio@comune.laives.bz.it", "telefono": "0471595803", "cellulare": null, "catprotetta": false, "note": "", "attivo": true, "user": null}}, {"model": "dipendenti.dipendente", "pk": 158, "fields": {"matricola": "2505", "badge_p": "2505", "nome": "Lorenzo", "cognome": "Berni", "codicefiscale": "BRNLNZ90L02M082T", "sesso": "M", "userid": "lberni_leifers", "email": "lorenzo.berni@comune.laives.bz.it", "telefono": "0471595727", "cellulare": null, "catprotetta": false, "note": "", "attivo": true, "user": null}}, {"model": "dipendenti.dipendente", "pk": 159, "fields": {"matricola": "2506", "badge_p": "2506", "nome": "Lucia", "cognome": "Bortoli", "codicefiscale": "BRTLCU77E64A952Q", "sesso": "F", "userid": "bortoli_leifers", "email": "lucia.bortoli@comune.laives.bz.it", "telefono": "0471595835", "cellulare": null, "catprotetta": false, "note": "", "attivo": true, "user": null}}, {"model": "dipendenti.dipendente", "pk": 160, "fields": {"matricola": "1955", "badge_p": null, "nome": "Paolo", "cognome": "Castelli", "codicefiscale": "CSTPLA78M31A952D", "sesso": "M", "userid": "castelli_leifers", "email": "paolo.castelli@comune.laives.bz.it", "telefono": null, "cellulare": null, "catprotetta": false, "note": "", "attivo": true, "user": null}}, {"model": "dipendenti.dipendente", "pk": 161, "fields": {"matricola": "1898", "badge_p": null, "nome": "Christian", "cognome": "Bianchi", "codicefiscale": "BNCCRS70H19A952D", "sesso": "M", "userid": "bianchi_leifers", "email": "christian.bianchi@comune.laives.bz.it", "telefono": null, "cellulare": null, "catprotetta": false, "note": "", "attivo": true, "user": null}}, {"model": "dipendenti.dipendente", "pk": 162, "fields": {"matricola": "2516", "badge_p": null, "nome": "Priska", "cognome": "Taddei", "codicefiscale": "TDDPSK84L64A952E", "sesso": "F", "userid": "taddei_leifers", "email": "priska.taddei@comune.laives.bz.it", "telefono": null, "cellulare": null, "catprotetta": false, "note": "", "attivo": true, "user": null}}, {"model": "dipendenti.dipendente", "pk": 163, "fields": {"matricola": "2519", "badge_p": "2519", "nome": "Linda", "cognome": "Pasquazzo", "codicefiscale": "PSQLND79P60A952Y", "sesso": "F", "userid": "pasquazz_leifers", "email": "linda.pasquazzo@comune.laives.bz.it", "telefono": null, "cellulare": null, "catprotetta": false, "note": "", "attivo": true, "user": null}}, {"model": "dipendenti.servizio_ufficio", "pk": 1, "fields": {"data_da": "2019-07-01", "data_a": null, "servizio": 1, "ufficio": 1}}, {"model": "dipendenti.servizio_ufficio", "pk": 2, "fields": {"data_da": "2019-07-01", "data_a": null, "servizio": 2, "ufficio": 1}}, {"model": "dipendenti.servizio_ufficio", "pk": 3, "fields": {"data_da": "2019-07-01", "data_a": null, "servizio": 3, "ufficio": 1}}, {"model": "dipendenti.servizio_ufficio", "pk": 4, "fields": {"data_da": "2010-01-01", "data_a": "2019-06-30", "servizio": 1, "ufficio": 2}}, {"model": "dipendenti.servizio_ufficio", "pk": 5, "fields": {"data_da": "1990-01-01", "data_a": "2009-12-31", "servizio": 1, "ufficio": 3}}, {"model": "dipendenti.servizio_ufficio", "pk": 6, "fields": {"data_da": "2015-01-01", "data_a": null, "servizio": 4, "ufficio": 8}}, {"model": "dipendenti.servizio_ufficio", "pk": 7, "fields": {"data_da": "2022-01-01", "data_a": null, "servizio": 5, "ufficio": 8}}, {"model": "dipendenti.servizio_ufficio", "pk": 8, "fields": {"data_da": "2022-01-01", "data_a": null, "servizio": 6, "ufficio": 8}}, {"model": "dipendenti.servizio_ufficio", "pk": 9, "fields": {"data_da": "2022-01-01", "data_a": null, "servizio": 7, "ufficio": 2}}, {"model": "dipendenti.servizio_ufficio", "pk": 10, "fields": {"data_da": "2022-01-01", "data_a": null, "servizio": 8, "ufficio": 2}}, {"model": "dipendenti.servizio_ufficio", "pk": 11, "fields": {"data_da": "2022-01-01", "data_a": null, "servizio": 9, "ufficio": 3}}, {"model": "dipendenti.servizio_ufficio", "pk": 12, "fields": {"data_da": "2022-01-01", "data_a": null, "servizio": 10, "ufficio": 3}}, {"model": "dipendenti.servizio_ufficio", "pk": 13, "fields": {"data_da": "2022-01-01", "data_a": null, "servizio": 11, "ufficio": 3}}, {"model": "dipendenti.servizio_ufficio", "pk": 14, "fields": {"data_da": "2022-01-01", "data_a": null, "servizio": 12, "ufficio": 3}}, {"model": "dipendenti.servizio_ufficio", "pk": 15, "fields": {"data_da": "2022-04-01", "data_a": null, "servizio": 13, "ufficio": 3}}, {"model": "dipendenti.servizio_ufficio", "pk": 16, "fields": {"data_da": "2022-01-01", "data_a": null, "servizio": 14, "ufficio": 7}}, {"model": "dipendenti.servizio_ufficio", "pk": 17, "fields": {"data_da": "2022-01-01", "data_a": null, "servizio": 15, "ufficio": 7}}, {"model": "dipendenti.servizio_ufficio", "pk": 18, "fields": {"data_da": "2022-01-01", "data_a": null, "servizio": 16, "ufficio": 4}}, {"model": "dipendenti.servizio_ufficio", "pk": 19, "fields": {"data_da": "2022-01-01", "data_a": null, "servizio": 17, "ufficio": 4}}, {"model": "dipendenti.servizio_ufficio", "pk": 20, "fields": {"data_da": "2022-01-01", "data_a": null, "servizio": 18, "ufficio": 5}}, {"model": "dipendenti.servizio_ufficio", "pk": 21, "fields": {"data_da": "2022-01-01", "data_a": null, "servizio": 19, "ufficio": 5}}, {"model": "dipendenti.servizio_ufficio", "pk": 22, "fields": {"data_da": "2022-01-01", "data_a": null, "servizio": 20, "ufficio": 6}}, {"model": "dipendenti.servizio_ufficio", "pk": 23, "fields": {"data_da": "2022-01-01", "data_a": null, "servizio": 21, "ufficio": 6}}, {"model": "dipendenti.servizio_ufficio", "pk": 24, "fields": {"data_da": "2022-01-01", "data_a": null, "servizio": 22, "ufficio": 6}}, {"model": "dipendenti.servizio_ufficio", "pk": 25, "fields": {"data_da": "2022-01-01", "data_a": null, "servizio": 23, "ufficio": 4}}, {"model": "dipendenti.servizio_ufficio", "pk": 26, "fields": {"data_da": "2023-03-14", "data_a": null, "servizio": 24, "ufficio": 1}}, {"model": "dipendenti.servizio_ufficio", "pk": 29, "fields": {"data_da": "2002-01-01", "data_a": null, "servizio": 26, "ufficio": 10}}, {"model": "dipendenti.servizio_ufficio", "pk": 30, "fields": {"data_da": "2002-01-01", "data_a": null, "servizio": 25, "ufficio": 10}}, {"model": "dipendenti.dipendente_ruolo", "pk": 1, "fields": {"data_da": "2002-07-24", "data_a": null, "dipendente": 1, "ruolo": 1}}, {"model": "dipendenti.dipendente_ruolo", "pk": 2, "fields": {"data_da": "2003-07-16", "data_a": null, "dipendente": 2, "ruolo": 4}}, {"model": "dipendenti.dipendente_ruolo", "pk": 4, "fields": {"data_da": "2012-05-16", "data_a": null, "dipendente": 14, "ruolo": 4}}, {"model": "dipendenti.dipendente_ruolo", "pk": 5, "fields": {"data_da": "1995-08-17", "data_a": null, "dipendente": 13, "ruolo": 3}}, {"model": "dipendenti.dipendente_ruolo", "pk": 6, "fields": {"data_da": "1997-07-01", "data_a": null, "dipendente": 31, "ruolo": 3}}, {"model": "dipendenti.dipendente_ruolo", "pk": 7, "fields": {"data_da": "2021-01-01", "data_a": null, "dipendente": 37, "ruolo": 3}}, {"model": "dipendenti.dipendente_ruolo", "pk": 9, "fields": {"data_da": "2018-01-01", "data_a": null, "dipendente": 60, "ruolo": 3}}, {"model": "dipendenti.dipendente_ruolo", "pk": 10, "fields": {"data_da": "2007-11-19", "data_a": null, "dipendente": 86, "ruolo": 3}}, {"model": "dipendenti.dipendente_ruolo", "pk": 11, "fields": {"data_da": "2004-10-01", "data_a": null, "dipendente": 89, "ruolo": 3}}, {"model": "dipendenti.dipendente_ruolo", "pk": 12, "fields": {"data_da": "1983-03-14", "data_a": "2023-04-30", "dipendente": 92, "ruolo": 3}}, {"model": "dipendenti.dipendente_ruolo", "pk": 13, "fields": {"data_da": "2001-12-18", "data_a": null, "dipendente": 95, "ruolo": 3}}, {"model": "dipendenti.dipendente_ruolo", "pk": 14, "fields": {"data_da": "1995-10-02", "data_a": null, "dipendente": 130, "ruolo": 3}}, {"model": "dipendenti.dipendente_ruolo", "pk": 15, "fields": {"data_da": "1997-11-01", "data_a": null, "dipendente": 131, "ruolo": 3}}, {"model": "dipendenti.dipendente_ruolo", "pk": 16, "fields": {"data_da": "2011-10-26", "data_a": null, "dipendente": 63, "ruolo": 3}}, {"model": "dipendenti.dipendente_ruolo", "pk": 17, "fields": {"data_da": "2012-04-01", "data_a": null, "dipendente": 117, "ruolo": 3}}, {"model": "dipendenti.dipendente_ruolo", "pk": 18, "fields": {"data_da": "2010-03-01", "data_a": null, "dipendente": 34, "ruolo": 4}}, {"model": "dipendenti.dipendente_ruolo", "pk": 19, "fields": {"data_da": "1996-01-01", "data_a": null, "dipendente": 26, "ruolo": 4}}, {"model": "dipendenti.dipendente_ruolo", "pk": 20, "fields": {"data_da": "1999-06-01", "data_a": null, "dipendente": 82, "ruolo": 4}}, {"model": "dipendenti.dipendente_ruolo", "pk": 21, "fields": {"data_da": "2004-09-01", "data_a": null, "dipendente": 94, "ruolo": 4}}, {"model": "dipendenti.dipendente_ruolo", "pk": 22, "fields": {"data_da": "2019-03-01", "data_a": null, "dipendente": 96, "ruolo": 4}}, {"model": "dipendenti.dipendente_ruolo", "pk": 23, "fields": {"data_da": "2012-02-29", "data_a": null, "dipendente": 51, "ruolo": 4}}, {"model": "dipendenti.dipendente_ruolo", "pk": 24, "fields": {"data_da": "1999-01-01", "data_a": null, "dipendente": 21, "ruolo": 6}}, {"model": "dipendenti.dipendente_ruolo", "pk": 25, "fields": {"data_da": "2003-07-01", "data_a": null, "dipendente": 52, "ruolo": 6}}, {"model": "dipendenti.dipendente_ruolo", "pk": 26, "fields": {"data_da": "2017-02-08", "data_a": "2023-01-31", "dipendente": 116, "ruolo": 7}}, {"model": "dipendenti.dipendente_ruolo", "pk": 27, "fields": {"data_da": "2020-10-01", "data_a": null, "dipendente": 98, "ruolo": 7}}, {"model": "dipendenti.dipendente_ruolo", "pk": 28, "fields": {"data_da": "2003-10-19", "data_a": null, "dipendente": 36, "ruolo": 3}}, {"model": "dipendenti.dipendente_ruolo", "pk": 29, "fields": {"data_da": "2022-01-01", "data_a": null, "dipendente": 83, "ruolo": 7}}, {"model": "dipendenti.dipendente_ruolo", "pk": 30, "fields": {"data_da": "1991-09-16", "data_a": null, "dipendente": 3, "ruolo": 3}}, {"model": "dipendenti.dipendente_ruolo", "pk": 31, "fields": {"data_da": "2021-12-01", "data_a": null, "dipendente": 4, "ruolo": 3}}, {"model": "dipendenti.dipendente_ruolo", "pk": 33, "fields": {"data_da": "2018-10-01", "data_a": null, "dipendente": 5, "ruolo": 3}}, {"model": "dipendenti.dipendente_ruolo", "pk": 34, "fields": {"data_da": "2018-12-16", "data_a": null, "dipendente": 6, "ruolo": 3}}, {"model": "dipendenti.dipendente_ruolo", "pk": 35, "fields": {"data_da": "1995-03-17", "data_a": null, "dipendente": 7, "ruolo": 3}}, {"model": "dipendenti.dipendente_ruolo", "pk": 36, "fields": {"data_da": "2000-09-01", "data_a": null, "dipendente": 8, "ruolo": 3}}, {"model": "dipendenti.dipendente_ruolo", "pk": 37, "fields": {"data_da": "2004-03-01", "data_a": null, "dipendente": 10, "ruolo": 3}}, {"model": "dipendenti.dipendente_ruolo", "pk": 38, "fields": {"data_da": "2005-02-14", "data_a": null, "dipendente": 11, "ruolo": 3}}, {"model": "dipendenti.dipendente_ruolo", "pk": 39, "fields": {"data_da": "1995-04-18", "data_a": null, "dipendente": 12, "ruolo": 6}}, {"model": "dipendenti.dipendente_ruolo", "pk": 40, "fields": {"data_da": "2021-12-01", "data_a": null, "dipendente": 15, "ruolo": 6}}, {"model": "dipendenti.dipendente_ruolo", "pk": 41, "fields": {"data_da": "1992-06-09", "data_a": null, "dipendente": 16, "ruolo": 3}}, {"model": "dipendenti.dipendente_ruolo", "pk": 42, "fields": {"data_da": "2012-02-01", "data_a": null, "dipendente": 17, "ruolo": 3}}, {"model": "dipendenti.dipendente_ruolo", "pk": 43, "fields": {"data_da": "2003-06-23", "data_a": null, "dipendente": 18, "ruolo": 3}}, {"model": "dipendenti.dipendente_ruolo", "pk": 44, "fields": {"data_da": "2022-01-10", "data_a": "2022-11-10", "dipendente": 19, "ruolo": 3}}, {"model": "dipendenti.dipendente_ruolo", "pk": 45, "fields": {"data_da": "2022-01-10", "data_a": null, "dipendente": 20, "ruolo": 3}}, {"model": "dipendenti.dipendente_ruolo", "pk": 46, "fields": {"data_da": "2016-12-12", "data_a": null, "dipendente": 22, "ruolo": 3}}, {"model": "dipendenti.dipendente_ruolo", "pk": 47, "fields": {"data_da": "1999-03-22", "data_a": null, "dipendente": 23, "ruolo": 3}}, {"model": "dipendenti.dipendente_ruolo", "pk": 48, "fields": {"data_da": "2020-12-01", "data_a": null, "dipendente": 24, "ruolo": 3}}, {"model": "dipendenti.dipendente_ruolo", "pk": 50, "fields": {"data_da": "1995-09-01", "data_a": null, "dipendente": 25, "ruolo": 3}}, {"model": "dipendenti.dipendente_ruolo", "pk": 51, "fields": {"data_da": "2017-03-01", "data_a": null, "dipendente": 27, "ruolo": 3}}, {"model": "dipendenti.dipendente_ruolo", "pk": 52, "fields": {"data_da": "1999-11-01", "data_a": null, "dipendente": 28, "ruolo": 6}}, {"model": "dipendenti.dipendente_ruolo", "pk": 53, "fields": {"data_da": "2010-10-20", "data_a": null, "dipendente": 29, "ruolo": 3}}, {"model": "dipendenti.dipendente_ruolo", "pk": 54, "fields": {"data_da": "1997-06-01", "data_a": null, "dipendente": 30, "ruolo": 6}}, {"model": "dipendenti.dipendente_ruolo", "pk": 55, "fields": {"data_da": "2022-01-10", "data_a": null, "dipendente": 32, "ruolo": 3}}, {"model": "dipendenti.dipendente_ruolo", "pk": 56, "fields": {"data_da": "2019-04-01", "data_a": null, "dipendente": 33, "ruolo": 3}}, {"model": "dipendenti.dipendente_ruolo", "pk": 57, "fields": {"data_da": "2014-10-01", "data_a": null, "dipendente": 35, "ruolo": 3}}, {"model": "dipendenti.dipendente_ruolo", "pk": 58, "fields": {"data_da": "2006-10-04", "data_a": null, "dipendente": 38, "ruolo": 3}}, {"model": "dipendenti.dipendente_ruolo", "pk": 59, "fields": {"data_da": "2020-02-01", "data_a": null, "dipendente": 39, "ruolo": 3}}, {"model": "dipendenti.dipendente_ruolo", "pk": 60, "fields": {"data_da": "2003-09-01", "data_a": null, "dipendente": 40, "ruolo": 3}}, {"model": "dipendenti.dipendente_ruolo", "pk": 61, "fields": {"data_da": "2021-12-01", "data_a": null, "dipendente": 41, "ruolo": 3}}, {"model": "dipendenti.dipendente_ruolo", "pk": 62, "fields": {"data_da": "2019-07-01", "data_a": null, "dipendente": 42, "ruolo": 3}}, {"model": "dipendenti.dipendente_ruolo", "pk": 63, "fields": {"data_da": "2021-09-01", "data_a": "2023-11-30", "dipendente": 43, "ruolo": 3}}, {"model": "dipendenti.dipendente_ruolo", "pk": 64, "fields": {"data_da": "2022-01-10", "data_a": "2022-12-31", "dipendente": 44, "ruolo": 3}}, {"model": "dipendenti.dipendente_ruolo", "pk": 65, "fields": {"data_da": "2014-04-10", "data_a": null, "dipendente": 45, "ruolo": 3}}, {"model": "dipendenti.dipendente_ruolo", "pk": 66, "fields": {"data_da": "2009-07-01", "data_a": null, "dipendente": 46, "ruolo": 3}}, {"model": "dipendenti.dipendente_ruolo", "pk": 67, "fields": {"data_da": "2012-03-12", "data_a": null, "dipendente": 47, "ruolo": 3}}, {"model": "dipendenti.dipendente_ruolo", "pk": 68, "fields": {"data_da": "1997-07-01", "data_a": null, "dipendente": 48, "ruolo": 3}}, {"model": "dipendenti.dipendente_ruolo", "pk": 69, "fields": {"data_da": "2007-08-07", "data_a": null, "dipendente": 49, "ruolo": 3}}, {"model": "dipendenti.dipendente_ruolo", "pk": 70, "fields": {"data_da": "2000-12-27", "data_a": null, "dipendente": 50, "ruolo": 3}}, {"model": "dipendenti.dipendente_ruolo", "pk": 71, "fields": {"data_da": "2022-01-10", "data_a": null, "dipendente": 53, "ruolo": 3}}, {"model": "dipendenti.dipendente_ruolo", "pk": 72, "fields": {"data_da": "2010-04-01", "data_a": null, "dipendente": 54, "ruolo": 3}}, {"model": "dipendenti.dipendente_ruolo", "pk": 73, "fields": {"data_da": "2012-10-22", "data_a": null, "dipendente": 56, "ruolo": 3}}, {"model": "dipendenti.dipendente_ruolo", "pk": 74, "fields": {"data_da": "2015-09-03", "data_a": null, "dipendente": 57, "ruolo": 3}}, {"model": "dipendenti.dipendente_ruolo", "pk": 76, "fields": {"data_da": "1998-04-01", "data_a": "2005-06-30", "dipendente": 58, "ruolo": 3}}, {"model": "dipendenti.dipendente_ruolo", "pk": 78, "fields": {"data_da": "2019-09-01", "data_a": null, "dipendente": 59, "ruolo": 6}}, {"model": "dipendenti.dipendente_ruolo", "pk": 79, "fields": {"data_da": "2021-08-23", "data_a": null, "dipendente": 61, "ruolo": 3}}, {"model": "dipendenti.dipendente_ruolo", "pk": 80, "fields": {"data_da": "2020-10-01", "data_a": null, "dipendente": 62, "ruolo": 3}}, {"model": "dipendenti.dipendente_ruolo", "pk": 81, "fields": {"data_da": "2013-04-01", "data_a": null, "dipendente": 64, "ruolo": 3}}, {"model": "dipendenti.dipendente_ruolo", "pk": 82, "fields": {"data_da": "2022-01-10", "data_a": null, "dipendente": 65, "ruolo": 3}}, {"model": "dipendenti.dipendente_ruolo", "pk": 83, "fields": {"data_da": "2020-11-09", "data_a": null, "dipendente": 66, "ruolo": 3}}, {"model": "dipendenti.dipendente_ruolo", "pk": 84, "fields": {"data_da": "1996-05-01", "data_a": null, "dipendente": 67, "ruolo": 3}}, {"model": "dipendenti.dipendente_ruolo", "pk": 85, "fields": {"data_da": "1996-03-01", "data_a": null, "dipendente": 68, "ruolo": 3}}, {"model": "dipendenti.dipendente_ruolo", "pk": 86, "fields": {"data_da": "2019-11-11", "data_a": null, "dipendente": 69, "ruolo": 3}}, {"model": "dipendenti.dipendente_ruolo", "pk": 87, "fields": {"data_da": "2013-04-03", "data_a": null, "dipendente": 70, "ruolo": 3}}, {"model": "dipendenti.dipendente_ruolo", "pk": 88, "fields": {"data_da": "1988-04-01", "data_a": null, "dipendente": 71, "ruolo": 3}}, {"model": "dipendenti.dipendente_ruolo", "pk": 89, "fields": {"data_da": "2018-11-05", "data_a": "2021-10-31", "dipendente": 72, "ruolo": 3}}, {"model": "dipendenti.dipendente_ruolo", "pk": 90, "fields": {"data_da": "2021-11-01", "data_a": null, "dipendente": 72, "ruolo": 3}}, {"model": "dipendenti.dipendente_ruolo", "pk": 91, "fields": {"data_da": "1989-05-22", "data_a": null, "dipendente": 73, "ruolo": 6}}, {"model": "dipendenti.dipendente_ruolo", "pk": 92, "fields": {"data_da": "2022-01-10", "data_a": null, "dipendente": 74, "ruolo": 3}}, {"model": "dipendenti.dipendente_ruolo", "pk": 93, "fields": {"data_da": "2015-09-10", "data_a": null, "dipendente": 75, "ruolo": 3}}, {"model": "dipendenti.dipendente_ruolo", "pk": 94, "fields": {"data_da": "1993-10-11", "data_a": "2023-03-13", "dipendente": 76, "ruolo": 3}}, {"model": "dipendenti.dipendente_ruolo", "pk": 95, "fields": {"data_da": "2002-07-15", "data_a": "2023-09-30", "dipendente": 77, "ruolo": 3}}, {"model": "dipendenti.dipendente_ruolo", "pk": 96, "fields": {"data_da": "1982-05-17", "data_a": null, "dipendente": 78, "ruolo": 3}}, {"model": "dipendenti.dipendente_ruolo", "pk": 97, "fields": {"data_da": "1992-06-01", "data_a": null, "dipendente": 79, "ruolo": 3}}, {"model": "dipendenti.dipendente_ruolo", "pk": 98, "fields": {"data_da": "2006-02-01", "data_a": null, "dipendente": 81, "ruolo": 3}}, {"model": "dipendenti.dipendente_ruolo", "pk": 99, "fields": {"data_da": "2020-02-01", "data_a": null, "dipendente": 84, "ruolo": 3}}, {"model": "dipendenti.dipendente_ruolo", "pk": 100, "fields": {"data_da": "2008-10-01", "data_a": null, "dipendente": 85, "ruolo": 3}}, {"model": "dipendenti.dipendente_ruolo", "pk": 101, "fields": {"data_da": "2021-08-31", "data_a": null, "dipendente": 87, "ruolo": 3}}, {"model": "dipendenti.dipendente_ruolo", "pk": 102, "fields": {"data_da": "2021-12-01", "data_a": null, "dipendente": 88, "ruolo": 3}}, {"model": "dipendenti.dipendente_ruolo", "pk": 103, "fields": {"data_da": "2008-10-06", "data_a": null, "dipendente": 90, "ruolo": 3}}, {"model": "dipendenti.dipendente_ruolo", "pk": 104, "fields": {"data_da": "2018-10-15", "data_a": null, "dipendente": 91, "ruolo": 3}}, {"model": "dipendenti.dipendente_ruolo", "pk": 105, "fields": {"data_da": "1990-09-10", "data_a": null, "dipendente": 93, "ruolo": 3}}, {"model": "dipendenti.dipendente_ruolo", "pk": 106, "fields": {"data_da": "2002-03-18", "data_a": null, "dipendente": 97, "ruolo": 3}}, {"model": "dipendenti.dipendente_ruolo", "pk": 107, "fields": {"data_da": "2006-07-01", "data_a": null, "dipendente": 99, "ruolo": 3}}, {"model": "dipendenti.dipendente_ruolo", "pk": 108, "fields": {"data_da": "1989-03-20", "data_a": null, "dipendente": 100, "ruolo": 3}}, {"model": "dipendenti.dipendente_ruolo", "pk": 109, "fields": {"data_da": "1999-05-10", "data_a": null, "dipendente": 101, "ruolo": 3}}, {"model": "dipendenti.dipendente_ruolo", "pk": 110, "fields": {"data_da": "2021-09-01", "data_a": null, "dipendente": 102, "ruolo": 3}}, {"model": "dipendenti.dipendente_ruolo", "pk": 111, "fields": {"data_da": "2000-03-13", "data_a": "2023-02-01", "dipendente": 103, "ruolo": 3}}, {"model": "dipendenti.dipendente_ruolo", "pk": 112, "fields": {"data_da": "2021-09-02", "data_a": null, "dipendente": 104, "ruolo": 3}}, {"model": "dipendenti.dipendente_ruolo", "pk": 113, "fields": {"data_da": "2020-04-01", "data_a": null, "dipendente": 105, "ruolo": 3}}, {"model": "dipendenti.dipendente_ruolo", "pk": 114, "fields": {"data_da": "1992-01-01", "data_a": null, "dipendente": 106, "ruolo": 3}}, {"model": "dipendenti.dipendente_ruolo", "pk": 115, "fields": {"data_da": "1991-05-02", "data_a": null, "dipendente": 107, "ruolo": 3}}, {"model": "dipendenti.dipendente_ruolo", "pk": 116, "fields": {"data_da": "2021-08-23", "data_a": null, "dipendente": 108, "ruolo": 3}}, {"model": "dipendenti.dipendente_ruolo", "pk": 117, "fields": {"data_da": "1995-09-18", "data_a": null, "dipendente": 109, "ruolo": 3}}, {"model": "dipendenti.dipendente_ruolo", "pk": 118, "fields": {"data_da": "2021-05-25", "data_a": null, "dipendente": 110, "ruolo": 3}}, {"model": "dipendenti.dipendente_ruolo", "pk": 119, "fields": {"data_da": "2020-10-01", "data_a": "2022-04-30", "dipendente": 111, "ruolo": 3}}, {"model": "dipendenti.dipendente_ruolo", "pk": 120, "fields": {"data_da": "2000-12-01", "data_a": null, "dipendente": 112, "ruolo": 3}}, {"model": "dipendenti.dipendente_ruolo", "pk": 121, "fields": {"data_da": "2008-04-14", "data_a": null, "dipendente": 113, "ruolo": 3}}, {"model": "dipendenti.dipendente_ruolo", "pk": 123, "fields": {"data_da": "2013-04-08", "data_a": null, "dipendente": 114, "ruolo": 3}}, {"model": "dipendenti.dipendente_ruolo", "pk": 124, "fields": {"data_da": "2021-12-01", "data_a": "2023-06-04", "dipendente": 115, "ruolo": 3}}, {"model": "dipendenti.dipendente_ruolo", "pk": 125, "fields": {"data_da": "1992-01-01", "data_a": "2021-02-28", "dipendente": 118, "ruolo": 3}}, {"model": "dipendenti.dipendente_ruolo", "pk": 126, "fields": {"data_da": "2021-03-01", "data_a": null, "dipendente": 118, "ruolo": 3}}, {"model": "dipendenti.dipendente_ruolo", "pk": 127, "fields": {"data_da": "2003-03-01", "data_a": null, "dipendente": 119, "ruolo": 3}}, {"model": "dipendenti.dipendente_ruolo", "pk": 128, "fields": {"data_da": "2002-05-01", "data_a": null, "dipendente": 120, "ruolo": 3}}, {"model": "dipendenti.dipendente_ruolo", "pk": 129, "fields": {"data_da": "2002-09-01", "data_a": null, "dipendente": 121, "ruolo": 6}}, {"model": "dipendenti.dipendente_ruolo", "pk": 130, "fields": {"data_da": "2002-01-21", "data_a": null, "dipendente": 122, "ruolo": 3}}, {"model": "dipendenti.dipendente_ruolo", "pk": 131, "fields": {"data_da": "2008-12-16", "data_a": null, "dipendente": 123, "ruolo": 3}}, {"model": "dipendenti.dipendente_ruolo", "pk": 132, "fields": {"data_da": "1991-08-23", "data_a": null, "dipendente": 124, "ruolo": 3}}, {"model": "dipendenti.dipendente_ruolo", "pk": 133, "fields": {"data_da": "2004-10-01", "data_a": null, "dipendente": 125, "ruolo": 3}}, {"model": "dipendenti.dipendente_ruolo", "pk": 135, "fields": {"data_da": "1997-01-01", "data_a": null, "dipendente": 126, "ruolo": 3}}, {"model": "dipendenti.dipendente_ruolo", "pk": 136, "fields": {"data_da": "2021-03-23", "data_a": "2022-09-30", "dipendente": 127, "ruolo": 3}}, {"model": "dipendenti.dipendente_ruolo", "pk": 137, "fields": {"data_da": "2020-01-01", "data_a": "2021-12-31", "dipendente": 128, "ruolo": 3}}, {"model": "dipendenti.dipendente_ruolo", "pk": 138, "fields": {"data_da": "2022-01-01", "data_a": null, "dipendente": 128, "ruolo": 3}}, {"model": "dipendenti.dipendente_ruolo", "pk": 139, "fields": {"data_da": "2022-01-10", "data_a": null, "dipendente": 132, "ruolo": 3}}, {"model": "dipendenti.dipendente_ruolo", "pk": 140, "fields": {"data_da": "2021-08-01", "data_a": "2022-07-31", "dipendente": 133, "ruolo": 3}}, {"model": "dipendenti.dipendente_ruolo", "pk": 141, "fields": {"data_da": "2005-03-01", "data_a": null, "dipendente": 129, "ruolo": 3}}, {"model": "dipendenti.dipendente_ruolo", "pk": 142, "fields": {"data_da": "2021-12-01", "data_a": "2021-11-30", "dipendente": 134, "ruolo": 3}}, {"model": "dipendenti.dipendente_ruolo", "pk": 143, "fields": {"data_da": "2021-12-01", "data_a": null, "dipendente": 134, "ruolo": 3}}, {"model": "dipendenti.dipendente_ruolo", "pk": 144, "fields": {"data_da": "2020-09-21", "data_a": "2021-12-31", "dipendente": 135, "ruolo": 3}}, {"model": "dipendenti.dipendente_ruolo", "pk": 145, "fields": {"data_da": "2022-01-01", "data_a": null, "dipendente": 135, "ruolo": 3}}, {"model": "dipendenti.dipendente_ruolo", "pk": 146, "fields": {"data_da": "2022-05-02", "data_a": "2023-12-01", "dipendente": 136, "ruolo": 3}}, {"model": "dipendenti.dipendente_ruolo", "pk": 147, "fields": {"data_da": "2022-05-02", "data_a": null, "dipendente": 137, "ruolo": 3}}, {"model": "dipendenti.dipendente_ruolo", "pk": 148, "fields": {"data_da": "2022-04-04", "data_a": null, "dipendente": 138, "ruolo": 3}}, {"model": "dipendenti.dipendente_ruolo", "pk": 149, "fields": {"data_da": "2022-04-19", "data_a": null, "dipendente": 139, "ruolo": 3}}, {"model": "dipendenti.dipendente_ruolo", "pk": 150, "fields": {"data_da": "2022-04-04", "data_a": null, "dipendente": 140, "ruolo": 6}}, {"model": "dipendenti.dipendente_ruolo", "pk": 151, "fields": {"data_da": "2022-03-21", "data_a": null, "dipendente": 141, "ruolo": 3}}, {"model": "dipendenti.dipendente_ruolo", "pk": 152, "fields": {"data_da": "2022-04-14", "data_a": null, "dipendente": 142, "ruolo": 3}}, {"model": "dipendenti.dipendente_ruolo", "pk": 159, "fields": {"data_da": "2005-07-01", "data_a": null, "dipendente": 58, "ruolo": 3}}, {"model": "dipendenti.dipendente_ruolo", "pk": 160, "fields": {"data_da": "2022-08-01", "data_a": null, "dipendente": 133, "ruolo": 3}}, {"model": "dipendenti.dipendente_ruolo", "pk": 161, "fields": {"data_da": "2022-09-01", "data_a": null, "dipendente": 143, "ruolo": 3}}, {"model": "dipendenti.dipendente_ruolo", "pk": 162, "fields": {"data_da": "2022-07-25", "data_a": null, "dipendente": 144, "ruolo": 3}}, {"model": "dipendenti.dipendente_ruolo", "pk": 163, "fields": {"data_da": "2022-06-10", "data_a": null, "dipendente": 127, "ruolo": 3}}, {"model": "dipendenti.dipendente_ruolo", "pk": 164, "fields": {"data_da": "2022-10-17", "data_a": null, "dipendente": 64, "ruolo": 3}}, {"model": "dipendenti.dipendente_ruolo", "pk": 165, "fields": {"data_da": "1992-10-05", "data_a": "2022-11-01", "dipendente": 55, "ruolo": 3}}, {"model": "dipendenti.dipendente_ruolo", "pk": 166, "fields": {"data_da": "2022-11-18", "data_a": "2023-10-17", "dipendente": 70, "ruolo": 3}}, {"model": "dipendenti.dipendente_ruolo", "pk": 167, "fields": {"data_da": "2022-08-01", "data_a": "2023-02-01", "dipendente": 145, "ruolo": 3}}, {"model": "dipendenti.dipendente_ruolo", "pk": 168, "fields": {"data_da": "2022-09-12", "data_a": null, "dipendente": 146, "ruolo": 3}}, {"model": "dipendenti.dipendente_ruolo", "pk": 169, "fields": {"data_da": "2022-09-01", "data_a": null, "dipendente": 44, "ruolo": 3}}, {"model": "dipendenti.dipendente_ruolo", "pk": 170, "fields": {"data_da": "2022-09-01", "data_a": "2023-09-01", "dipendente": 147, "ruolo": 3}}, {"model": "dipendenti.dipendente_ruolo", "pk": 171, "fields": {"data_da": "2022-09-12", "data_a": "2024-05-11", "dipendente": 148, "ruolo": 3}}, {"model": "dipendenti.dipendente_ruolo", "pk": 172, "fields": {"data_da": "2022-09-05", "data_a": null, "dipendente": 149, "ruolo": 3}}, {"model": "dipendenti.dipendente_ruolo", "pk": 173, "fields": {"data_da": "2022-10-01", "data_a": null, "dipendente": 150, "ruolo": 3}}, {"model": "dipendenti.dipendente_ruolo", "pk": 174, "fields": {"data_da": "2022-11-11", "data_a": "2024-12-12", "dipendente": 19, "ruolo": 3}}, {"model": "dipendenti.dipendente_ruolo", "pk": 175, "fields": {"data_da": "2023-02-01", "data_a": null, "dipendente": 151, "ruolo": 6}}, {"model": "dipendenti.dipendente_ruolo", "pk": 176, "fields": {"data_da": "2023-03-01", "data_a": null, "dipendente": 152, "ruolo": 3}}, {"model": "dipendenti.dipendente_ruolo", "pk": 177, "fields": {"data_da": "2023-03-14", "data_a": null, "dipendente": 153, "ruolo": 8}}, {"model": "dipendenti.dipendente_ruolo", "pk": 178, "fields": {"data_da": "2022-11-01", "data_a": null, "dipendente": 154, "ruolo": 8}}, {"model": "dipendenti.dipendente_ruolo", "pk": 179, "fields": {"data_da": "2023-05-22", "data_a": "2024-05-21", "dipendente": 155, "ruolo": 3}}, {"model": "dipendenti.dipendente_ruolo", "pk": 180, "fields": {"data_da": "2023-02-01", "data_a": null, "dipendente": 116, "ruolo": 3}}, {"model": "dipendenti.dipendente_ruolo", "pk": 181, "fields": {"data_da": "2023-06-05", "data_a": "2024-06-04", "dipendente": 156, "ruolo": 3}}, {"model": "dipendenti.dipendente_ruolo", "pk": 182, "fields": {"data_da": "2023-07-01", "data_a": "2025-04-11", "dipendente": 157, "ruolo": 3}}, {"model": "dipendenti.dipendente_ruolo", "pk": 183, "fields": {"data_da": "2023-07-03", "data_a": null, "dipendente": 158, "ruolo": 3}}, {"model": "dipendenti.dipendente_ruolo", "pk": 184, "fields": {"data_da": "2023-07-06", "data_a": "2024-07-05", "dipendente": 159, "ruolo": 3}}, {"model": "dipendenti.dipendente_ruolo", "pk": 185, "fields": {"data_da": "2015-06-01", "data_a": null, "dipendente": 160, "ruolo": 1}}, {"model": "dipendenti.dipendente_ruolo", "pk": 186, "fields": {"data_da": "2015-06-01", "data_a": null, "dipendente": 161, "ruolo": 10}}, {"model": "dipendenti.dipendente_ruolo", "pk": 187, "fields": {"data_da": "2023-10-01", "data_a": null, "dipendente": 162, "ruolo": 3}}, {"model": "dipendenti.dipendente_ruolo", "pk": 188, "fields": {"data_da": "2023-11-01", "data_a": null, "dipendente": 163, "ruolo": 3}}, {"model": "dipendenti.dipendente_qualifica", "pk": 4, "fields": {"data_da": "2002-07-24", "data_a": "2022-12-31", "dipendente": 1, "qualifica": 1, "rapportolavoro": 1, "determinato": false}}, {"model": "dipendenti.dipendente_qualifica", "pk": 5, "fields": {"data_da": "2003-07-16", "data_a": null, "dipendente": 2, "qualifica": 2, "rapportolavoro": 1, "determinato": false}}, {"model": "dipendenti.dipendente_qualifica", "pk": 6, "fields": {"data_da": "2012-05-16", "data_a": null, "dipendente": 14, "qualifica": 2, "rapportolavoro": 1, "determinato": false}}, {"model": "dipendenti.dipendente_qualifica", "pk": 7, "fields": {"data_da": "2010-03-01", "data_a": null, "dipendente": 34, "qualifica": 5, "rapportolavoro": 1, "determinato": false}}, {"model": "dipendenti.dipendente_qualifica", "pk": 8, "fields": {"data_da": "1996-01-01", "data_a": null, "dipendente": 26, "qualifica": 6, "rapportolavoro": 1, "determinato": false}}, {"model": "dipendenti.dipendente_qualifica", "pk": 9, "fields": {"data_da": "1999-06-01", "data_a": null, "dipendente": 82, "qualifica": 7, "rapportolavoro": 1, "determinato": false}}, {"model": "dipendenti.dipendente_qualifica", "pk": 10, "fields": {"data_da": "2012-02-29", "data_a": null, "dipendente": 51, "qualifica": 7, "rapportolavoro": 1, "determinato": false}}, {"model": "dipendenti.dipendente_qualifica", "pk": 11, "fields": {"data_da": "2021-08-23", "data_a": null, "dipendente": 108, "qualifica": 8, "rapportolavoro": 1, "determinato": false}}, {"model": "dipendenti.dipendente_qualifica", "pk": 12, "fields": {"data_da": "1995-09-18", "data_a": null, "dipendente": 109, "qualifica": 9, "rapportolavoro": 1, "determinato": false}}, {"model": "dipendenti.dipendente_qualifica", "pk": 13, "fields": {"data_da": "1999-03-22", "data_a": null, "dipendente": 23, "qualifica": 10, "rapportolavoro": 1, "determinato": false}}, {"model": "dipendenti.dipendente_qualifica", "pk": 14, "fields": {"data_da": "1995-09-01", "data_a": null, "dipendente": 25, "qualifica": 11, "rapportolavoro": 1, "determinato": false}}, {"model": "dipendenti.dipendente_qualifica", "pk": 15, "fields": {"data_da": "1996-03-01", "data_a": null, "dipendente": 68, "qualifica": 12, "rapportolavoro": 1, "determinato": false}}, {"model": "dipendenti.dipendente_qualifica", "pk": 16, "fields": {"data_da": "2002-09-01", "data_a": null, "dipendente": 121, "qualifica": 13, "rapportolavoro": 1, "determinato": false}}, {"model": "dipendenti.dipendente_qualifica", "pk": 17, "fields": {"data_da": "1997-07-01", "data_a": null, "dipendente": 48, "qualifica": 14, "rapportolavoro": 6, "determinato": false}}, {"model": "dipendenti.dipendente_qualifica", "pk": 18, "fields": {"data_da": "2006-02-01", "data_a": null, "dipendente": 81, "qualifica": 32, "rapportolavoro": 1, "determinato": false}}, {"model": "dipendenti.dipendente_qualifica", "pk": 19, "fields": {"data_da": "2021-08-01", "data_a": "2022-08-31", "dipendente": 133, "qualifica": 16, "rapportolavoro": 1, "determinato": true}}, {"model": "dipendenti.dipendente_qualifica", "pk": 20, "fields": {"data_da": "2010-10-20", "data_a": null, "dipendente": 29, "qualifica": 31, "rapportolavoro": 1, "determinato": false}}, {"model": "dipendenti.dipendente_qualifica", "pk": 21, "fields": {"data_da": "2017-02-08", "data_a": null, "dipendente": 116, "qualifica": 18, "rapportolavoro": 6, "determinato": false}}, {"model": "dipendenti.dipendente_qualifica", "pk": 22, "fields": {"data_da": "1992-06-09", "data_a": null, "dipendente": 16, "qualifica": 19, "rapportolavoro": 1, "determinato": false}}, {"model": "dipendenti.dipendente_qualifica", "pk": 23, "fields": {"data_da": "2008-04-14", "data_a": "2021-02-28", "dipendente": 113, "qualifica": 20, "rapportolavoro": 4, "determinato": false}}, {"model": "dipendenti.dipendente_qualifica", "pk": 24, "fields": {"data_da": "2018-12-16", "data_a": null, "dipendente": 6, "qualifica": 21, "rapportolavoro": 1, "determinato": false}}, {"model": "dipendenti.dipendente_qualifica", "pk": 25, "fields": {"data_da": "2020-11-09", "data_a": null, "dipendente": 66, "qualifica": 22, "rapportolavoro": 1, "determinato": false}}, {"model": "dipendenti.dipendente_qualifica", "pk": 26, "fields": {"data_da": "2000-12-01", "data_a": null, "dipendente": 112, "qualifica": 23, "rapportolavoro": 1, "determinato": false}}, {"model": "dipendenti.dipendente_qualifica", "pk": 27, "fields": {"data_da": "2003-10-19", "data_a": null, "dipendente": 36, "qualifica": 26, "rapportolavoro": 4, "determinato": false}}, {"model": "dipendenti.dipendente_qualifica", "pk": 28, "fields": {"data_da": "2003-07-01", "data_a": null, "dipendente": 52, "qualifica": 25, "rapportolavoro": 1, "determinato": false}}, {"model": "dipendenti.dipendente_qualifica", "pk": 29, "fields": {"data_da": "2020-10-01", "data_a": null, "dipendente": 98, "qualifica": 26, "rapportolavoro": 1, "determinato": false}}, {"model": "dipendenti.dipendente_qualifica", "pk": 30, "fields": {"data_da": "2004-09-01", "data_a": null, "dipendente": 94, "qualifica": 27, "rapportolavoro": 1, "determinato": false}}, {"model": "dipendenti.dipendente_qualifica", "pk": 32, "fields": {"data_da": "2009-07-01", "data_a": null, "dipendente": 46, "qualifica": 29, "rapportolavoro": 1, "determinato": false}}, {"model": "dipendenti.dipendente_qualifica", "pk": 34, "fields": {"data_da": "1995-08-17", "data_a": null, "dipendente": 13, "qualifica": 18, "rapportolavoro": 1, "determinato": false}}, {"model": "dipendenti.dipendente_qualifica", "pk": 35, "fields": {"data_da": "1997-07-01", "data_a": null, "dipendente": 31, "qualifica": 4, "rapportolavoro": 1, "determinato": false}}, {"model": "dipendenti.dipendente_qualifica", "pk": 36, "fields": {"data_da": "2021-01-01", "data_a": null, "dipendente": 37, "qualifica": 4, "rapportolavoro": 1, "determinato": false}}, {"model": "dipendenti.dipendente_qualifica", "pk": 38, "fields": {"data_da": "2018-01-01", "data_a": null, "dipendente": 60, "qualifica": 18, "rapportolavoro": 2, "determinato": false}}, {"model": "dipendenti.dipendente_qualifica", "pk": 39, "fields": {"data_da": "2007-11-19", "data_a": null, "dipendente": 86, "qualifica": 4, "rapportolavoro": 4, "determinato": false}}, {"model": "dipendenti.dipendente_qualifica", "pk": 40, "fields": {"data_da": "2004-10-01", "data_a": null, "dipendente": 89, "qualifica": 26, "rapportolavoro": 1, "determinato": false}}, {"model": "dipendenti.dipendente_qualifica", "pk": 41, "fields": {"data_da": "1983-03-14", "data_a": "2023-04-30", "dipendente": 92, "qualifica": 18, "rapportolavoro": 4, "determinato": false}}, {"model": "dipendenti.dipendente_qualifica", "pk": 42, "fields": {"data_da": "2001-12-18", "data_a": "2022-09-30", "dipendente": 95, "qualifica": 4, "rapportolavoro": 1, "determinato": false}}, {"model": "dipendenti.dipendente_qualifica", "pk": 43, "fields": {"data_da": "1995-10-02", "data_a": null, "dipendente": 130, "qualifica": 18, "rapportolavoro": 4, "determinato": false}}, {"model": "dipendenti.dipendente_qualifica", "pk": 44, "fields": {"data_da": "1997-11-01", "data_a": null, "dipendente": 131, "qualifica": 18, "rapportolavoro": 1, "determinato": false}}, {"model": "dipendenti.dipendente_qualifica", "pk": 45, "fields": {"data_da": "2011-10-26", "data_a": null, "dipendente": 63, "qualifica": 18, "rapportolavoro": 5, "determinato": false}}, {"model": "dipendenti.dipendente_qualifica", "pk": 46, "fields": {"data_da": "2012-04-01", "data_a": null, "dipendente": 117, "qualifica": 11, "rapportolavoro": 1, "determinato": false}}, {"model": "dipendenti.dipendente_qualifica", "pk": 47, "fields": {"data_da": "2019-03-01", "data_a": null, "dipendente": 96, "qualifica": 2, "rapportolavoro": 1, "determinato": false}}, {"model": "dipendenti.dipendente_qualifica", "pk": 48, "fields": {"data_da": "1999-01-01", "data_a": null, "dipendente": 21, "qualifica": 3, "rapportolavoro": 1, "determinato": false}}, {"model": "dipendenti.dipendente_qualifica", "pk": 50, "fields": {"data_da": "2022-01-01", "data_a": null, "dipendente": 83, "qualifica": 18, "rapportolavoro": 4, "determinato": false}}, {"model": "dipendenti.dipendente_qualifica", "pk": 51, "fields": {"data_da": "1991-09-16", "data_a": null, "dipendente": 3, "qualifica": 13, "rapportolavoro": 1, "determinato": false}}, {"model": "dipendenti.dipendente_qualifica", "pk": 52, "fields": {"data_da": "2021-12-01", "data_a": null, "dipendente": 4, "qualifica": 13, "rapportolavoro": 1, "determinato": false}}, {"model": "dipendenti.dipendente_qualifica", "pk": 54, "fields": {"data_da": "2018-10-01", "data_a": null, "dipendente": 5, "qualifica": 4, "rapportolavoro": 1, "determinato": false}}, {"model": "dipendenti.dipendente_qualifica", "pk": 55, "fields": {"data_da": "1995-03-17", "data_a": null, "dipendente": 7, "qualifica": 19, "rapportolavoro": 1, "determinato": false}}, {"model": "dipendenti.dipendente_qualifica", "pk": 56, "fields": {"data_da": "2000-09-01", "data_a": null, "dipendente": 8, "qualifica": 23, "rapportolavoro": 4, "determinato": false}}, {"model": "dipendenti.dipendente_qualifica", "pk": 57, "fields": {"data_da": "2004-03-01", "data_a": null, "dipendente": 10, "qualifica": 11, "rapportolavoro": 1, "determinato": false}}, {"model": "dipendenti.dipendente_qualifica", "pk": 58, "fields": {"data_da": "2005-02-14", "data_a": null, "dipendente": 11, "qualifica": 4, "rapportolavoro": 6, "determinato": false}}, {"model": "dipendenti.dipendente_qualifica", "pk": 59, "fields": {"data_da": "1995-04-18", "data_a": null, "dipendente": 12, "qualifica": 11, "rapportolavoro": 1, "determinato": false}}, {"model": "dipendenti.dipendente_qualifica", "pk": 60, "fields": {"data_da": "2021-12-01", "data_a": null, "dipendente": 15, "qualifica": 13, "rapportolavoro": 1, "determinato": false}}, {"model": "dipendenti.dipendente_qualifica", "pk": 61, "fields": {"data_da": "2012-02-01", "data_a": null, "dipendente": 17, "qualifica": 29, "rapportolavoro": 1, "determinato": false}}, {"model": "dipendenti.dipendente_qualifica", "pk": 62, "fields": {"data_da": "2003-06-23", "data_a": null, "dipendente": 18, "qualifica": 18, "rapportolavoro": 4, "determinato": false}}, {"model": "dipendenti.dipendente_qualifica", "pk": 63, "fields": {"data_da": "2022-01-10", "data_a": "2022-11-10", "dipendente": 19, "qualifica": 22, "rapportolavoro": 1, "determinato": true}}, {"model": "dipendenti.dipendente_qualifica", "pk": 64, "fields": {"data_da": "2022-01-10", "data_a": null, "dipendente": 20, "qualifica": 22, "rapportolavoro": 1, "determinato": false}}, {"model": "dipendenti.dipendente_qualifica", "pk": 65, "fields": {"data_da": "2016-12-12", "data_a": null, "dipendente": 22, "qualifica": 26, "rapportolavoro": 1, "determinato": false}}, {"model": "dipendenti.dipendente_qualifica", "pk": 66, "fields": {"data_da": "2020-12-01", "data_a": "2021-11-30", "dipendente": 24, "qualifica": 18, "rapportolavoro": 1, "determinato": true}}, {"model": "dipendenti.dipendente_qualifica", "pk": 67, "fields": {"data_da": "2022-01-01", "data_a": null, "dipendente": 24, "qualifica": 18, "rapportolavoro": 1, "determinato": false}}, {"model": "dipendenti.dipendente_qualifica", "pk": 68, "fields": {"data_da": "2017-03-01", "data_a": null, "dipendente": 27, "qualifica": 11, "rapportolavoro": 1, "determinato": false}}, {"model": "dipendenti.dipendente_qualifica", "pk": 69, "fields": {"data_da": "1999-11-01", "data_a": null, "dipendente": 28, "qualifica": 13, "rapportolavoro": 1, "determinato": false}}, {"model": "dipendenti.dipendente_qualifica", "pk": 71, "fields": {"data_da": "1997-06-01", "data_a": null, "dipendente": 30, "qualifica": 11, "rapportolavoro": 1, "determinato": false}}, {"model": "dipendenti.dipendente_qualifica", "pk": 72, "fields": {"data_da": "2022-01-10", "data_a": null, "dipendente": 32, "qualifica": 13, "rapportolavoro": 1, "determinato": false}}, {"model": "dipendenti.dipendente_qualifica", "pk": 73, "fields": {"data_da": "2019-04-01", "data_a": null, "dipendente": 33, "qualifica": 4, "rapportolavoro": 1, "determinato": false}}, {"model": "dipendenti.dipendente_qualifica", "pk": 74, "fields": {"data_da": "2014-10-01", "data_a": null, "dipendente": 35, "qualifica": 18, "rapportolavoro": 6, "determinato": false}}, {"model": "dipendenti.dipendente_qualifica", "pk": 75, "fields": {"data_da": "2006-10-04", "data_a": null, "dipendente": 38, "qualifica": 13, "rapportolavoro": 1, "determinato": false}}, {"model": "dipendenti.dipendente_qualifica", "pk": 76, "fields": {"data_da": "2020-02-01", "data_a": null, "dipendente": 39, "qualifica": 4, "rapportolavoro": 1, "determinato": false}}, {"model": "dipendenti.dipendente_qualifica", "pk": 77, "fields": {"data_da": "2003-09-01", "data_a": null, "dipendente": 40, "qualifica": 23, "rapportolavoro": 1, "determinato": false}}, {"model": "dipendenti.dipendente_qualifica", "pk": 78, "fields": {"data_da": "2021-12-01", "data_a": null, "dipendente": 41, "qualifica": 8, "rapportolavoro": 1, "determinato": false}}, {"model": "dipendenti.dipendente_qualifica", "pk": 79, "fields": {"data_da": "2019-07-01", "data_a": null, "dipendente": 42, "qualifica": 11, "rapportolavoro": 1, "determinato": false}}, {"model": "dipendenti.dipendente_qualifica", "pk": 80, "fields": {"data_da": "2021-09-01", "data_a": "2023-11-30", "dipendente": 43, "qualifica": 18, "rapportolavoro": 1, "determinato": false}}, {"model": "dipendenti.dipendente_qualifica", "pk": 81, "fields": {"data_da": "2022-01-10", "data_a": "2022-12-31", "dipendente": 44, "qualifica": 13, "rapportolavoro": 1, "determinato": true}}, {"model": "dipendenti.dipendente_qualifica", "pk": 82, "fields": {"data_da": "2014-04-10", "data_a": null, "dipendente": 45, "qualifica": 13, "rapportolavoro": 1, "determinato": false}}, {"model": "dipendenti.dipendente_qualifica", "pk": 83, "fields": {"data_da": "2012-03-12", "data_a": null, "dipendente": 47, "qualifica": 4, "rapportolavoro": 4, "determinato": false}}, {"model": "dipendenti.dipendente_qualifica", "pk": 84, "fields": {"data_da": "2007-08-07", "data_a": null, "dipendente": 49, "qualifica": 18, "rapportolavoro": 6, "determinato": false}}, {"model": "dipendenti.dipendente_qualifica", "pk": 85, "fields": {"data_da": "2000-12-27", "data_a": null, "dipendente": 50, "qualifica": 18, "rapportolavoro": 5, "determinato": false}}, {"model": "dipendenti.dipendente_qualifica", "pk": 86, "fields": {"data_da": "2022-01-10", "data_a": null, "dipendente": 53, "qualifica": 4, "rapportolavoro": 1, "determinato": false}}, {"model": "dipendenti.dipendente_qualifica", "pk": 87, "fields": {"data_da": "2010-04-01", "data_a": null, "dipendente": 54, "qualifica": 8, "rapportolavoro": 3, "determinato": false}}, {"model": "dipendenti.dipendente_qualifica", "pk": 88, "fields": {"data_da": "2012-10-22", "data_a": null, "dipendente": 56, "qualifica": 2, "rapportolavoro": 1, "determinato": false}}, {"model": "dipendenti.dipendente_qualifica", "pk": 89, "fields": {"data_da": "2015-09-03", "data_a": "2021-12-31", "dipendente": 57, "qualifica": 23, "rapportolavoro": 1, "determinato": true}}, {"model": "dipendenti.dipendente_qualifica", "pk": 90, "fields": {"data_da": "2022-01-01", "data_a": null, "dipendente": 57, "qualifica": 22, "rapportolavoro": 1, "determinato": false}}, {"model": "dipendenti.dipendente_qualifica", "pk": 91, "fields": {"data_da": "1998-04-01", "data_a": "2005-06-30", "dipendente": 58, "qualifica": 18, "rapportolavoro": 1, "determinato": true}}, {"model": "dipendenti.dipendente_qualifica", "pk": 92, "fields": {"data_da": "2005-07-01", "data_a": null, "dipendente": 58, "qualifica": 18, "rapportolavoro": 1, "determinato": false}}, {"model": "dipendenti.dipendente_qualifica", "pk": 93, "fields": {"data_da": "2019-09-01", "data_a": null, "dipendente": 59, "qualifica": 11, "rapportolavoro": 1, "determinato": false}}, {"model": "dipendenti.dipendente_qualifica", "pk": 94, "fields": {"data_da": "2021-08-23", "data_a": null, "dipendente": 61, "qualifica": 13, "rapportolavoro": 1, "determinato": false}}, {"model": "dipendenti.dipendente_qualifica", "pk": 95, "fields": {"data_da": "2020-10-01", "data_a": null, "dipendente": 62, "qualifica": 4, "rapportolavoro": 1, "determinato": false}}, {"model": "dipendenti.dipendente_qualifica", "pk": 96, "fields": {"data_da": "2013-04-01", "data_a": null, "dipendente": 64, "qualifica": 4, "rapportolavoro": 1, "determinato": false}}, {"model": "dipendenti.dipendente_qualifica", "pk": 97, "fields": {"data_da": "2022-01-10", "data_a": null, "dipendente": 65, "qualifica": 22, "rapportolavoro": 1, "determinato": false}}, {"model": "dipendenti.dipendente_qualifica", "pk": 98, "fields": {"data_da": "1996-05-01", "data_a": null, "dipendente": 67, "qualifica": 26, "rapportolavoro": 4, "determinato": false}}, {"model": "dipendenti.dipendente_qualifica", "pk": 99, "fields": {"data_da": "2019-11-11", "data_a": null, "dipendente": 69, "qualifica": 11, "rapportolavoro": 1, "determinato": false}}, {"model": "dipendenti.dipendente_qualifica", "pk": 100, "fields": {"data_da": "2013-04-03", "data_a": null, "dipendente": 70, "qualifica": 23, "rapportolavoro": 3, "determinato": false}}, {"model": "dipendenti.dipendente_qualifica", "pk": 101, "fields": {"data_da": "1988-04-01", "data_a": null, "dipendente": 71, "qualifica": 11, "rapportolavoro": 4, "determinato": false}}, {"model": "dipendenti.dipendente_qualifica", "pk": 102, "fields": {"data_da": "2018-11-05", "data_a": "2021-10-31", "dipendente": 72, "qualifica": 13, "rapportolavoro": 1, "determinato": true}}, {"model": "dipendenti.dipendente_qualifica", "pk": 103, "fields": {"data_da": "2021-11-01", "data_a": null, "dipendente": 72, "qualifica": 13, "rapportolavoro": 1, "determinato": false}}, {"model": "dipendenti.dipendente_qualifica", "pk": 104, "fields": {"data_da": "1989-05-22", "data_a": null, "dipendente": 73, "qualifica": 23, "rapportolavoro": 1, "determinato": false}}, {"model": "dipendenti.dipendente_qualifica", "pk": 105, "fields": {"data_da": "2022-01-10", "data_a": null, "dipendente": 74, "qualifica": 23, "rapportolavoro": 1, "determinato": false}}, {"model": "dipendenti.dipendente_qualifica", "pk": 106, "fields": {"data_da": "2015-09-10", "data_a": null, "dipendente": 75, "qualifica": 23, "rapportolavoro": 1, "determinato": false}}, {"model": "dipendenti.dipendente_qualifica", "pk": 107, "fields": {"data_da": "1993-10-11", "data_a": "2023-03-13", "dipendente": 76, "qualifica": 19, "rapportolavoro": 1, "determinato": false}}, {"model": "dipendenti.dipendente_qualifica", "pk": 108, "fields": {"data_da": "2002-07-15", "data_a": "2023-09-30", "dipendente": 77, "qualifica": 2, "rapportolavoro": 1, "determinato": false}}, {"model": "dipendenti.dipendente_qualifica", "pk": 109, "fields": {"data_da": "1982-05-17", "data_a": null, "dipendente": 78, "qualifica": 19, "rapportolavoro": 1, "determinato": false}}, {"model": "dipendenti.dipendente_qualifica", "pk": 110, "fields": {"data_da": "1992-06-01", "data_a": null, "dipendente": 79, "qualifica": 4, "rapportolavoro": 4, "determinato": false}}, {"model": "dipendenti.dipendente_qualifica", "pk": 112, "fields": {"data_da": "2020-02-01", "data_a": null, "dipendente": 84, "qualifica": 4, "rapportolavoro": 1, "determinato": false}}, {"model": "dipendenti.dipendente_qualifica", "pk": 113, "fields": {"data_da": "2008-10-01", "data_a": null, "dipendente": 85, "qualifica": 23, "rapportolavoro": 4, "determinato": false}}, {"model": "dipendenti.dipendente_qualifica", "pk": 114, "fields": {"data_da": "2021-08-31", "data_a": null, "dipendente": 87, "qualifica": 8, "rapportolavoro": 2, "determinato": false}}, {"model": "dipendenti.dipendente_qualifica", "pk": 115, "fields": {"data_da": "2021-12-01", "data_a": null, "dipendente": 88, "qualifica": 18, "rapportolavoro": 2, "determinato": false}}, {"model": "dipendenti.dipendente_qualifica", "pk": 116, "fields": {"data_da": "2008-10-06", "data_a": null, "dipendente": 90, "qualifica": 23, "rapportolavoro": 2, "determinato": false}}, {"model": "dipendenti.dipendente_qualifica", "pk": 117, "fields": {"data_da": "2018-10-15", "data_a": null, "dipendente": 91, "qualifica": 19, "rapportolavoro": 1, "determinato": false}}, {"model": "dipendenti.dipendente_qualifica", "pk": 118, "fields": {"data_da": "1990-09-10", "data_a": null, "dipendente": 93, "qualifica": 26, "rapportolavoro": 4, "determinato": false}}, {"model": "dipendenti.dipendente_qualifica", "pk": 119, "fields": {"data_da": "2002-03-18", "data_a": null, "dipendente": 97, "qualifica": 23, "rapportolavoro": 8, "determinato": false}}, {"model": "dipendenti.dipendente_qualifica", "pk": 120, "fields": {"data_da": "2006-07-01", "data_a": null, "dipendente": 99, "qualifica": 4, "rapportolavoro": 8, "determinato": false}}, {"model": "dipendenti.dipendente_qualifica", "pk": 121, "fields": {"data_da": "1989-03-20", "data_a": null, "dipendente": 100, "qualifica": 18, "rapportolavoro": 4, "determinato": false}}, {"model": "dipendenti.dipendente_qualifica", "pk": 122, "fields": {"data_da": "1999-05-10", "data_a": null, "dipendente": 101, "qualifica": 4, "rapportolavoro": 4, "determinato": false}}, {"model": "dipendenti.dipendente_qualifica", "pk": 123, "fields": {"data_da": "2021-09-01", "data_a": null, "dipendente": 102, "qualifica": 18, "rapportolavoro": 1, "determinato": false}}, {"model": "dipendenti.dipendente_qualifica", "pk": 124, "fields": {"data_da": "2000-03-13", "data_a": "2023-02-01", "dipendente": 103, "qualifica": 18, "rapportolavoro": 6, "determinato": false}}, {"model": "dipendenti.dipendente_qualifica", "pk": 125, "fields": {"data_da": "2021-09-02", "data_a": null, "dipendente": 104, "qualifica": 8, "rapportolavoro": 8, "determinato": false}}, {"model": "dipendenti.dipendente_qualifica", "pk": 126, "fields": {"data_da": "2020-04-01", "data_a": null, "dipendente": 105, "qualifica": 11, "rapportolavoro": 1, "determinato": false}}, {"model": "dipendenti.dipendente_qualifica", "pk": 127, "fields": {"data_da": "1992-01-01", "data_a": null, "dipendente": 106, "qualifica": 8, "rapportolavoro": 1, "determinato": false}}, {"model": "dipendenti.dipendente_qualifica", "pk": 128, "fields": {"data_da": "1991-05-02", "data_a": null, "dipendente": 107, "qualifica": 19, "rapportolavoro": 1, "determinato": false}}, {"model": "dipendenti.dipendente_qualifica", "pk": 129, "fields": {"data_da": "2021-05-25", "data_a": null, "dipendente": 110, "qualifica": 4, "rapportolavoro": 1, "determinato": false}}, {"model": "dipendenti.dipendente_qualifica", "pk": 130, "fields": {"data_da": "2020-10-01", "data_a": "2022-04-30", "dipendente": 111, "qualifica": 26, "rapportolavoro": 1, "determinato": false}}, {"model": "dipendenti.dipendente_qualifica", "pk": 131, "fields": {"data_da": "2021-03-01", "data_a": null, "dipendente": 113, "qualifica": 20, "rapportolavoro": 1, "determinato": false}}, {"model": "dipendenti.dipendente_qualifica", "pk": 132, "fields": {"data_da": "2013-04-08", "data_a": null, "dipendente": 114, "qualifica": 29, "rapportolavoro": 1, "determinato": false}}, {"model": "dipendenti.dipendente_qualifica", "pk": 133, "fields": {"data_da": "2021-12-01", "data_a": "2023-06-04", "dipendente": 115, "qualifica": 18, "rapportolavoro": 1, "determinato": false}}, {"model": "dipendenti.dipendente_qualifica", "pk": 134, "fields": {"data_da": "1992-01-01", "data_a": "2021-02-28", "dipendente": 118, "qualifica": 8, "rapportolavoro": 9, "determinato": false}}, {"model": "dipendenti.dipendente_qualifica", "pk": 135, "fields": {"data_da": "2021-03-01", "data_a": null, "dipendente": 118, "qualifica": 8, "rapportolavoro": 5, "determinato": false}}, {"model": "dipendenti.dipendente_qualifica", "pk": 136, "fields": {"data_da": "2003-03-01", "data_a": null, "dipendente": 119, "qualifica": 23, "rapportolavoro": 8, "determinato": false}}, {"model": "dipendenti.dipendente_qualifica", "pk": 137, "fields": {"data_da": "2002-05-01", "data_a": null, "dipendente": 120, "qualifica": 25, "rapportolavoro": 1, "determinato": false}}, {"model": "dipendenti.dipendente_qualifica", "pk": 138, "fields": {"data_da": "2002-01-21", "data_a": null, "dipendente": 122, "qualifica": 18, "rapportolavoro": 5, "determinato": false}}, {"model": "dipendenti.dipendente_qualifica", "pk": 139, "fields": {"data_da": "2008-12-16", "data_a": null, "dipendente": 123, "qualifica": 4, "rapportolavoro": 5, "determinato": false}}, {"model": "dipendenti.dipendente_qualifica", "pk": 140, "fields": {"data_da": "1991-08-23", "data_a": null, "dipendente": 124, "qualifica": 23, "rapportolavoro": 8, "determinato": false}}, {"model": "dipendenti.dipendente_qualifica", "pk": 141, "fields": {"data_da": "2004-10-01", "data_a": "2021-05-31", "dipendente": 125, "qualifica": 19, "rapportolavoro": 1, "determinato": false}}, {"model": "dipendenti.dipendente_qualifica", "pk": 142, "fields": {"data_da": "2021-06-01", "data_a": null, "dipendente": 125, "qualifica": 27, "rapportolavoro": 1, "determinato": false}}, {"model": "dipendenti.dipendente_qualifica", "pk": 143, "fields": {"data_da": "1997-01-01", "data_a": null, "dipendente": 126, "qualifica": 11, "rapportolavoro": 1, "determinato": false}}, {"model": "dipendenti.dipendente_qualifica", "pk": 144, "fields": {"data_da": "2021-03-23", "data_a": "2022-09-30", "dipendente": 127, "qualifica": 4, "rapportolavoro": 1, "determinato": true}}, {"model": "dipendenti.dipendente_qualifica", "pk": 145, "fields": {"data_da": "2020-01-01", "data_a": "2021-12-31", "dipendente": 128, "qualifica": 23, "rapportolavoro": 1, "determinato": true}}, {"model": "dipendenti.dipendente_qualifica", "pk": 146, "fields": {"data_da": "2022-01-01", "data_a": null, "dipendente": 128, "qualifica": 22, "rapportolavoro": 1, "determinato": false}}, {"model": "dipendenti.dipendente_qualifica", "pk": 147, "fields": {"data_da": "2022-01-10", "data_a": null, "dipendente": 132, "qualifica": 22, "rapportolavoro": 1, "determinato": false}}, {"model": "dipendenti.dipendente_qualifica", "pk": 148, "fields": {"data_da": "2005-03-01", "data_a": null, "dipendente": 129, "qualifica": 18, "rapportolavoro": 6, "determinato": false}}, {"model": "dipendenti.dipendente_qualifica", "pk": 149, "fields": {"data_da": "2021-12-01", "data_a": "2021-11-30", "dipendente": 134, "qualifica": 18, "rapportolavoro": 9, "determinato": true}}, {"model": "dipendenti.dipendente_qualifica", "pk": 150, "fields": {"data_da": "2021-12-01", "data_a": null, "dipendente": 134, "qualifica": 18, "rapportolavoro": 1, "determinato": false}}, {"model": "dipendenti.dipendente_qualifica", "pk": 151, "fields": {"data_da": "2020-09-21", "data_a": "2021-12-31", "dipendente": 135, "qualifica": 22, "rapportolavoro": 1, "determinato": true}}, {"model": "dipendenti.dipendente_qualifica", "pk": 152, "fields": {"data_da": "2022-01-01", "data_a": null, "dipendente": 135, "qualifica": 22, "rapportolavoro": 1, "determinato": false}}, {"model": "dipendenti.dipendente_qualifica", "pk": 153, "fields": {"data_da": "2022-05-02", "data_a": "2023-12-01", "dipendente": 136, "qualifica": 20, "rapportolavoro": 1, "determinato": false}}, {"model": "dipendenti.dipendente_qualifica", "pk": 154, "fields": {"data_da": "2022-05-02", "data_a": null, "dipendente": 137, "qualifica": 20, "rapportolavoro": 1, "determinato": false}}, {"model": "dipendenti.dipendente_qualifica", "pk": 155, "fields": {"data_da": "2022-04-04", "data_a": null, "dipendente": 138, "qualifica": 19, "rapportolavoro": 1, "determinato": false}}, {"model": "dipendenti.dipendente_qualifica", "pk": 156, "fields": {"data_da": "2022-04-19", "data_a": null, "dipendente": 139, "qualifica": 19, "rapportolavoro": 1, "determinato": false}}, {"model": "dipendenti.dipendente_qualifica", "pk": 157, "fields": {"data_da": "2022-04-04", "data_a": null, "dipendente": 140, "qualifica": 29, "rapportolavoro": 1, "determinato": false}}, {"model": "dipendenti.dipendente_qualifica", "pk": 158, "fields": {"data_da": "2022-03-21", "data_a": null, "dipendente": 141, "qualifica": 11, "rapportolavoro": 1, "determinato": false}}, {"model": "dipendenti.dipendente_qualifica", "pk": 159, "fields": {"data_da": "2022-04-14", "data_a": null, "dipendente": 142, "qualifica": 29, "rapportolavoro": 1, "determinato": false}}, {"model": "dipendenti.dipendente_qualifica", "pk": 160, "fields": {"data_da": "2010-10-20", "data_a": null, "dipendente": 29, "qualifica": 17, "rapportolavoro": 1, "determinato": false}}, {"model": "dipendenti.dipendente_qualifica", "pk": 161, "fields": {"data_da": "2022-08-01", "data_a": null, "dipendente": 133, "qualifica": 16, "rapportolavoro": 1, "determinato": false}}, {"model": "dipendenti.dipendente_qualifica", "pk": 163, "fields": {"data_da": "2022-09-01", "data_a": null, "dipendente": 143, "qualifica": 2, "rapportolavoro": 1, "determinato": false}}, {"model": "dipendenti.dipendente_qualifica", "pk": 164, "fields": {"data_da": "2022-10-03", "data_a": "2024-10-02", "dipendente": 143, "qualifica": 2, "rapportolavoro": 10, "determinato": false}}, {"model": "dipendenti.dipendente_qualifica", "pk": 165, "fields": {"data_da": "2022-07-25", "data_a": null, "dipendente": 144, "qualifica": 4, "rapportolavoro": 1, "determinato": false}}, {"model": "dipendenti.dipendente_qualifica", "pk": 166, "fields": {"data_da": "2022-06-10", "data_a": null, "dipendente": 127, "qualifica": 4, "rapportolavoro": 1, "determinato": false}}, {"model": "dipendenti.dipendente_qualifica", "pk": 167, "fields": {"data_da": "2022-07-01", "data_a": "2024-06-30", "dipendente": 127, "qualifica": 4, "rapportolavoro": 11, "determinato": false}}, {"model": "dipendenti.dipendente_qualifica", "pk": 168, "fields": {"data_da": "2022-10-17", "data_a": null, "dipendente": 64, "qualifica": 4, "rapportolavoro": 1, "determinato": false}}, {"model": "dipendenti.dipendente_qualifica", "pk": 169, "fields": {"data_da": "1992-10-05", "data_a": "2022-11-01", "dipendente": 55, "qualifica": 4, "rapportolavoro": 4, "determinato": false}}, {"model": "dipendenti.dipendente_qualifica", "pk": 170, "fields": {"data_da": "2022-11-18", "data_a": "2023-10-17", "dipendente": 70, "qualifica": 23, "rapportolavoro": 12, "determinato": false}}, {"model": "dipendenti.dipendente_qualifica", "pk": 171, "fields": {"data_da": "2022-08-01", "data_a": "2023-02-01", "dipendente": 145, "qualifica": 4, "rapportolavoro": 1, "determinato": false}}, {"model": "dipendenti.dipendente_qualifica", "pk": 172, "fields": {"data_da": "2022-09-12", "data_a": null, "dipendente": 146, "qualifica": 26, "rapportolavoro": 1, "determinato": false}}, {"model": "dipendenti.dipendente_qualifica", "pk": 173, "fields": {"data_da": "2022-09-01", "data_a": null, "dipendente": 44, "qualifica": 13, "rapportolavoro": 1, "determinato": false}}, {"model": "dipendenti.dipendente_qualifica", "pk": 174, "fields": {"data_da": "2022-10-01", "data_a": null, "dipendente": 95, "qualifica": 26, "rapportolavoro": 1, "determinato": false}}, {"model": "dipendenti.dipendente_qualifica", "pk": 175, "fields": {"data_da": "2022-09-01", "data_a": "2023-09-01", "dipendente": 147, "qualifica": 23, "rapportolavoro": 8, "determinato": true}}, {"model": "dipendenti.dipendente_qualifica", "pk": 176, "fields": {"data_da": "2022-09-12", "data_a": "2024-05-11", "dipendente": 148, "qualifica": 23, "rapportolavoro": 1, "determinato": true}}, {"model": "dipendenti.dipendente_qualifica", "pk": 177, "fields": {"data_da": "2022-09-05", "data_a": null, "dipendente": 149, "qualifica": 11, "rapportolavoro": 1, "determinato": false}}, {"model": "dipendenti.dipendente_qualifica", "pk": 178, "fields": {"data_da": "2023-01-01", "data_a": null, "dipendente": 1, "qualifica": 28, "rapportolavoro": 1, "determinato": false}}, {"model": "dipendenti.dipendente_qualifica", "pk": 179, "fields": {"data_da": "2022-10-01", "data_a": null, "dipendente": 150, "qualifica": 2, "rapportolavoro": 1, "determinato": false}}, {"model": "dipendenti.dipendente_qualifica", "pk": 180, "fields": {"data_da": "2022-11-11", "data_a": "2025-12-12", "dipendente": 19, "qualifica": 22, "rapportolavoro": 1, "determinato": true}}, {"model": "dipendenti.dipendente_qualifica", "pk": 181, "fields": {"data_da": "2023-02-01", "data_a": null, "dipendente": 151, "qualifica": 30, "rapportolavoro": 1, "determinato": false}}, {"model": "dipendenti.dipendente_qualifica", "pk": 182, "fields": {"data_da": "2023-03-01", "data_a": null, "dipendente": 152, "qualifica": 18, "rapportolavoro": 1, "determinato": false}}, {"model": "dipendenti.dipendente_qualifica", "pk": 184, "fields": {"data_da": "2023-03-14", "data_a": null, "dipendente": 153, "qualifica": 33, "rapportolavoro": 1, "determinato": true}}, {"model": "dipendenti.dipendente_qualifica", "pk": 185, "fields": {"data_da": "2022-11-01", "data_a": null, "dipendente": 154, "qualifica": 33, "rapportolavoro": 8, "determinato": true}}, {"model": "dipendenti.dipendente_qualifica", "pk": 186, "fields": {"data_da": "2023-05-22", "data_a": "2024-05-21", "dipendente": 155, "qualifica": 1, "rapportolavoro": 1, "determinato": true}}, {"model": "dipendenti.dipendente_qualifica", "pk": 187, "fields": {"data_da": "2023-06-05", "data_a": "2024-06-04", "dipendente": 156, "qualifica": 18, "rapportolavoro": 1, "determinato": true}}, {"model": "dipendenti.dipendente_qualifica", "pk": 188, "fields": {"data_da": "2023-07-01", "data_a": "2025-04-11", "dipendente": 157, "qualifica": 18, "rapportolavoro": 1, "determinato": true}}, {"model": "dipendenti.dipendente_qualifica", "pk": 189, "fields": {"data_da": "2023-07-03", "data_a": null, "dipendente": 158, "qualifica": 4, "rapportolavoro": 1, "determinato": false}}, {"model": "dipendenti.dipendente_qualifica", "pk": 190, "fields": {"data_da": "2023-07-06", "data_a": "2024-07-05", "dipendente": 159, "qualifica": 18, "rapportolavoro": 4, "determinato": true}}, {"model": "dipendenti.dipendente_qualifica", "pk": 191, "fields": {"data_da": "2015-06-01", "data_a": null, "dipendente": 160, "qualifica": 33, "rapportolavoro": 1, "determinato": false}}, {"model": "dipendenti.dipendente_qualifica", "pk": 192, "fields": {"data_da": "2015-06-01", "data_a": null, "dipendente": 161, "qualifica": 33, "rapportolavoro": 1, "determinato": false}}, {"model": "dipendenti.dipendente_qualifica", "pk": 193, "fields": {"data_da": "2023-10-01", "data_a": null, "dipendente": 162, "qualifica": 2, "rapportolavoro": 1, "determinato": false}}, {"model": "dipendenti.dipendente_qualifica", "pk": 194, "fields": {"data_da": "2023-11-01", "data_a": null, "dipendente": 163, "qualifica": 2, "rapportolavoro": 1, "determinato": false}}, {"model": "dipendenti.dipendente_qualifica", "pk": 195, "fields": {"data_da": "2023-12-01", "data_a": null, "dipendente": 163, "qualifica": 2, "rapportolavoro": 6, "determinato": false}}, {"model": "dipendenti.dipendente_servizio", "pk": 1, "fields": {"data_da": "2002-07-24", "data_a": null, "dipendente": 1, "servizio": 1}}, {"model": "dipendenti.dipendente_servizio", "pk": 2, "fields": {"data_da": "2003-07-16", "data_a": null, "dipendente": 2, "servizio": 2}}, {"model": "dipendenti.dipendente_servizio", "pk": 3, "fields": {"data_da": "2012-05-16", "data_a": null, "dipendente": 14, "servizio": 22}}, {"model": "dipendenti.dipendente_servizio", "pk": 4, "fields": {"data_da": "2011-10-26", "data_a": null, "dipendente": 63, "servizio": 4}}, {"model": "dipendenti.dipendente_servizio", "pk": 5, "fields": {"data_da": "2018-01-01", "data_a": null, "dipendente": 60, "servizio": 1}}, {"model": "dipendenti.dipendente_servizio", "pk": 6, "fields": {"data_da": "1995-08-17", "data_a": null, "dipendente": 13, "servizio": 2}}, {"model": "dipendenti.dipendente_servizio", "pk": 7, "fields": {"data_da": "1997-11-01", "data_a": null, "dipendente": 131, "servizio": 2}}, {"model": "dipendenti.dipendente_servizio", "pk": 8, "fields": {"data_da": "1995-10-02", "data_a": null, "dipendente": 130, "servizio": 2}}, {"model": "dipendenti.dipendente_servizio", "pk": 9, "fields": {"data_da": "2004-10-01", "data_a": null, "dipendente": 89, "servizio": 2}}, {"model": "dipendenti.dipendente_servizio", "pk": 10, "fields": {"data_da": "2021-01-01", "data_a": null, "dipendente": 37, "servizio": 2}}, {"model": "dipendenti.dipendente_servizio", "pk": 11, "fields": {"data_da": "1997-07-01", "data_a": null, "dipendente": 31, "servizio": 2}}, {"model": "dipendenti.dipendente_servizio", "pk": 13, "fields": {"data_da": "2001-12-18", "data_a": "2022-09-30", "dipendente": 95, "servizio": 3}}, {"model": "dipendenti.dipendente_servizio", "pk": 14, "fields": {"data_da": "2007-11-19", "data_a": null, "dipendente": 86, "servizio": 3}}, {"model": "dipendenti.dipendente_servizio", "pk": 15, "fields": {"data_da": "1983-03-14", "data_a": "2023-04-30", "dipendente": 92, "servizio": 3}}, {"model": "dipendenti.dipendente_servizio", "pk": 16, "fields": {"data_da": "2012-04-01", "data_a": null, "dipendente": 117, "servizio": 22}}, {"model": "dipendenti.dipendente_servizio", "pk": 23, "fields": {"data_da": "2010-03-01", "data_a": null, "dipendente": 34, "servizio": 5}}, {"model": "dipendenti.dipendente_servizio", "pk": 24, "fields": {"data_da": "2006-07-01", "data_a": null, "dipendente": 99, "servizio": 5}}, {"model": "dipendenti.dipendente_servizio", "pk": 25, "fields": {"data_da": "2019-03-01", "data_a": null, "dipendente": 96, "servizio": 7}}, {"model": "dipendenti.dipendente_servizio", "pk": 26, "fields": {"data_da": "1999-01-01", "data_a": null, "dipendente": 21, "servizio": 8}}, {"model": "dipendenti.dipendente_servizio", "pk": 27, "fields": {"data_da": "1996-05-01", "data_a": null, "dipendente": 67, "servizio": 9}}, {"model": "dipendenti.dipendente_servizio", "pk": 28, "fields": {"data_da": "2005-03-01", "data_a": null, "dipendente": 129, "servizio": 10}}, {"model": "dipendenti.dipendente_servizio", "pk": 29, "fields": {"data_da": "2019-04-01", "data_a": null, "dipendente": 33, "servizio": 10}}, {"model": "dipendenti.dipendente_servizio", "pk": 30, "fields": {"data_da": "1992-06-01", "data_a": null, "dipendente": 79, "servizio": 11}}, {"model": "dipendenti.dipendente_servizio", "pk": 31, "fields": {"data_da": "2008-12-16", "data_a": null, "dipendente": 123, "servizio": 12}}, {"model": "dipendenti.dipendente_servizio", "pk": 32, "fields": {"data_da": "2017-02-08", "data_a": "2023-01-31", "dipendente": 116, "servizio": 13}}, {"model": "dipendenti.dipendente_servizio", "pk": 33, "fields": {"data_da": "2022-01-01", "data_a": null, "dipendente": 83, "servizio": 13}}, {"model": "dipendenti.dipendente_servizio", "pk": 34, "fields": {"data_da": "2020-10-01", "data_a": null, "dipendente": 98, "servizio": 13}}, {"model": "dipendenti.dipendente_servizio", "pk": 35, "fields": {"data_da": "1998-04-01", "data_a": "2005-06-30", "dipendente": 58, "servizio": 13}}, {"model": "dipendenti.dipendente_servizio", "pk": 36, "fields": {"data_da": "2013-04-01", "data_a": null, "dipendente": 64, "servizio": 13}}, {"model": "dipendenti.dipendente_servizio", "pk": 37, "fields": {"data_da": "2021-03-23", "data_a": "2022-09-30", "dipendente": 127, "servizio": 7}}, {"model": "dipendenti.dipendente_servizio", "pk": 38, "fields": {"data_da": "1997-07-01", "data_a": null, "dipendente": 48, "servizio": 7}}, {"model": "dipendenti.dipendente_servizio", "pk": 39, "fields": {"data_da": "2000-03-13", "data_a": "2023-02-01", "dipendente": 103, "servizio": 7}}, {"model": "dipendenti.dipendente_servizio", "pk": 40, "fields": {"data_da": "2020-02-01", "data_a": null, "dipendente": 39, "servizio": 7}}, {"model": "dipendenti.dipendente_servizio", "pk": 41, "fields": {"data_da": "2014-10-01", "data_a": null, "dipendente": 35, "servizio": 7}}, {"model": "dipendenti.dipendente_servizio", "pk": 42, "fields": {"data_da": "1999-05-10", "data_a": null, "dipendente": 101, "servizio": 8}}, {"model": "dipendenti.dipendente_servizio", "pk": 43, "fields": {"data_da": "2020-02-01", "data_a": null, "dipendente": 84, "servizio": 8}}, {"model": "dipendenti.dipendente_servizio", "pk": 44, "fields": {"data_da": "2018-10-01", "data_a": null, "dipendente": 5, "servizio": 8}}, {"model": "dipendenti.dipendente_servizio", "pk": 45, "fields": {"data_da": "1990-09-10", "data_a": null, "dipendente": 93, "servizio": 5}}, {"model": "dipendenti.dipendente_servizio", "pk": 46, "fields": {"data_da": "2002-07-15", "data_a": "2023-09-30", "dipendente": 77, "servizio": 5}}, {"model": "dipendenti.dipendente_servizio", "pk": 47, "fields": {"data_da": "2021-09-01", "data_a": null, "dipendente": 102, "servizio": 5}}, {"model": "dipendenti.dipendente_servizio", "pk": 48, "fields": {"data_da": "2006-02-01", "data_a": null, "dipendente": 81, "servizio": 5}}, {"model": "dipendenti.dipendente_servizio", "pk": 49, "fields": {"data_da": "2021-05-25", "data_a": null, "dipendente": 110, "servizio": 5}}, {"model": "dipendenti.dipendente_servizio", "pk": 50, "fields": {"data_da": "2004-09-01", "data_a": null, "dipendente": 94, "servizio": 14}}, {"model": "dipendenti.dipendente_servizio", "pk": 51, "fields": {"data_da": "1993-10-11", "data_a": "2023-03-13", "dipendente": 76, "servizio": 14}}, {"model": "dipendenti.dipendente_servizio", "pk": 52, "fields": {"data_da": "1989-03-20", "data_a": null, "dipendente": 100, "servizio": 14}}, {"model": "dipendenti.dipendente_servizio", "pk": 53, "fields": {"data_da": "1991-05-02", "data_a": null, "dipendente": 107, "servizio": 14}}, {"model": "dipendenti.dipendente_servizio", "pk": 54, "fields": {"data_da": "2021-09-01", "data_a": "2023-11-30", "dipendente": 43, "servizio": 14}}, {"model": "dipendenti.dipendente_servizio", "pk": 55, "fields": {"data_da": "1995-03-17", "data_a": null, "dipendente": 7, "servizio": 15}}, {"model": "dipendenti.dipendente_servizio", "pk": 56, "fields": {"data_da": "2018-12-16", "data_a": null, "dipendente": 6, "servizio": 15}}, {"model": "dipendenti.dipendente_servizio", "pk": 57, "fields": {"data_da": "1992-06-09", "data_a": null, "dipendente": 16, "servizio": 15}}, {"model": "dipendenti.dipendente_servizio", "pk": 58, "fields": {"data_da": "2004-10-01", "data_a": null, "dipendente": 125, "servizio": 15}}, {"model": "dipendenti.dipendente_servizio", "pk": 59, "fields": {"data_da": "1982-05-17", "data_a": null, "dipendente": 78, "servizio": 15}}, {"model": "dipendenti.dipendente_servizio", "pk": 60, "fields": {"data_da": "2018-10-15", "data_a": null, "dipendente": 91, "servizio": 15}}, {"model": "dipendenti.dipendente_servizio", "pk": 61, "fields": {"data_da": "2003-10-19", "data_a": null, "dipendente": 36, "servizio": 23}}, {"model": "dipendenti.dipendente_servizio", "pk": 62, "fields": {"data_da": "2010-10-20", "data_a": null, "dipendente": 29, "servizio": 16}}, {"model": "dipendenti.dipendente_servizio", "pk": 63, "fields": {"data_da": "1999-06-01", "data_a": null, "dipendente": 82, "servizio": 23}}, {"model": "dipendenti.dipendente_servizio", "pk": 64, "fields": {"data_da": "2003-07-01", "data_a": null, "dipendente": 52, "servizio": 23}}, {"model": "dipendenti.dipendente_servizio", "pk": 65, "fields": {"data_da": "2000-12-27", "data_a": null, "dipendente": 50, "servizio": 23}}, {"model": "dipendenti.dipendente_servizio", "pk": 66, "fields": {"data_da": "2020-12-01", "data_a": null, "dipendente": 24, "servizio": 23}}, {"model": "dipendenti.dipendente_servizio", "pk": 67, "fields": {"data_da": "2016-12-12", "data_a": null, "dipendente": 22, "servizio": 23}}, {"model": "dipendenti.dipendente_servizio", "pk": 68, "fields": {"data_da": "2008-04-14", "data_a": "2021-02-28", "dipendente": 113, "servizio": 18}}, {"model": "dipendenti.dipendente_servizio", "pk": 69, "fields": {"data_da": "2021-12-01", "data_a": "2023-06-04", "dipendente": 115, "servizio": 23}}, {"model": "dipendenti.dipendente_servizio", "pk": 70, "fields": {"data_da": "2012-02-29", "data_a": null, "dipendente": 51, "servizio": 18}}, {"model": "dipendenti.dipendente_servizio", "pk": 71, "fields": {"data_da": "2009-07-01", "data_a": null, "dipendente": 46, "servizio": 18}}, {"model": "dipendenti.dipendente_servizio", "pk": 72, "fields": {"data_da": "2013-04-08", "data_a": null, "dipendente": 114, "servizio": 18}}, {"model": "dipendenti.dipendente_servizio", "pk": 73, "fields": {"data_da": "2012-02-01", "data_a": null, "dipendente": 17, "servizio": 18}}, {"model": "dipendenti.dipendente_servizio", "pk": 74, "fields": {"data_da": "2007-08-07", "data_a": null, "dipendente": 49, "servizio": 18}}, {"model": "dipendenti.dipendente_servizio", "pk": 75, "fields": {"data_da": "2002-05-01", "data_a": null, "dipendente": 120, "servizio": 18}}, {"model": "dipendenti.dipendente_servizio", "pk": 76, "fields": {"data_da": "1996-01-01", "data_a": null, "dipendente": 26, "servizio": 11}}, {"model": "dipendenti.dipendente_servizio", "pk": 77, "fields": {"data_da": "2004-03-01", "data_a": null, "dipendente": 10, "servizio": 19}}, {"model": "dipendenti.dipendente_servizio", "pk": 79, "fields": {"data_da": "1991-09-16", "data_a": null, "dipendente": 3, "servizio": 20}}, {"model": "dipendenti.dipendente_servizio", "pk": 80, "fields": {"data_da": "2021-12-01", "data_a": null, "dipendente": 4, "servizio": 20}}, {"model": "dipendenti.dipendente_servizio", "pk": 82, "fields": {"data_da": "2000-09-01", "data_a": null, "dipendente": 8, "servizio": 21}}, {"model": "dipendenti.dipendente_servizio", "pk": 85, "fields": {"data_da": "2005-02-14", "data_a": null, "dipendente": 11, "servizio": 22}}, {"model": "dipendenti.dipendente_servizio", "pk": 86, "fields": {"data_da": "1995-04-18", "data_a": null, "dipendente": 12, "servizio": 19}}, {"model": "dipendenti.dipendente_servizio", "pk": 87, "fields": {"data_da": "2021-12-01", "data_a": null, "dipendente": 15, "servizio": 20}}, {"model": "dipendenti.dipendente_servizio", "pk": 88, "fields": {"data_da": "2003-06-23", "data_a": null, "dipendente": 18, "servizio": 22}}, {"model": "dipendenti.dipendente_servizio", "pk": 89, "fields": {"data_da": "2022-01-10", "data_a": "2022-11-10", "dipendente": 19, "servizio": 21}}, {"model": "dipendenti.dipendente_servizio", "pk": 90, "fields": {"data_da": "2022-01-10", "data_a": null, "dipendente": 20, "servizio": 21}}, {"model": "dipendenti.dipendente_servizio", "pk": 92, "fields": {"data_da": "1999-03-22", "data_a": null, "dipendente": 23, "servizio": 20}}, {"model": "dipendenti.dipendente_servizio", "pk": 94, "fields": {"data_da": "1995-09-01", "data_a": null, "dipendente": 25, "servizio": 19}}, {"model": "dipendenti.dipendente_servizio", "pk": 95, "fields": {"data_da": "2017-03-01", "data_a": null, "dipendente": 27, "servizio": 19}}, {"model": "dipendenti.dipendente_servizio", "pk": 96, "fields": {"data_da": "1999-11-01", "data_a": null, "dipendente": 28, "servizio": 21}}, {"model": "dipendenti.dipendente_servizio", "pk": 97, "fields": {"data_da": "1997-06-01", "data_a": null, "dipendente": 30, "servizio": 19}}, {"model": "dipendenti.dipendente_servizio", "pk": 98, "fields": {"data_da": "2022-01-10", "data_a": null, "dipendente": 32, "servizio": 20}}, {"model": "dipendenti.dipendente_servizio", "pk": 99, "fields": {"data_da": "2006-10-04", "data_a": null, "dipendente": 38, "servizio": 20}}, {"model": "dipendenti.dipendente_servizio", "pk": 100, "fields": {"data_da": "2003-09-01", "data_a": null, "dipendente": 40, "servizio": 21}}, {"model": "dipendenti.dipendente_servizio", "pk": 101, "fields": {"data_da": "2021-12-01", "data_a": null, "dipendente": 41, "servizio": 20}}, {"model": "dipendenti.dipendente_servizio", "pk": 102, "fields": {"data_da": "2019-07-01", "data_a": null, "dipendente": 42, "servizio": 19}}, {"model": "dipendenti.dipendente_servizio", "pk": 103, "fields": {"data_da": "2022-01-10", "data_a": "2022-12-31", "dipendente": 44, "servizio": 20}}, {"model": "dipendenti.dipendente_servizio", "pk": 104, "fields": {"data_da": "2014-04-10", "data_a": null, "dipendente": 45, "servizio": 20}}, {"model": "dipendenti.dipendente_servizio", "pk": 105, "fields": {"data_da": "2012-03-12", "data_a": null, "dipendente": 47, "servizio": 2}}, {"model": "dipendenti.dipendente_servizio", "pk": 106, "fields": {"data_da": "2022-01-10", "data_a": null, "dipendente": 53, "servizio": 21}}, {"model": "dipendenti.dipendente_servizio", "pk": 107, "fields": {"data_da": "2010-04-01", "data_a": null, "dipendente": 54, "servizio": 21}}, {"model": "dipendenti.dipendente_servizio", "pk": 108, "fields": {"data_da": "2012-10-22", "data_a": null, "dipendente": 56, "servizio": 22}}, {"model": "dipendenti.dipendente_servizio", "pk": 109, "fields": {"data_da": "2015-09-03", "data_a": null, "dipendente": 57, "servizio": 21}}, {"model": "dipendenti.dipendente_servizio", "pk": 112, "fields": {"data_da": "2019-09-01", "data_a": null, "dipendente": 59, "servizio": 19}}, {"model": "dipendenti.dipendente_servizio", "pk": 113, "fields": {"data_da": "2021-08-23", "data_a": null, "dipendente": 61, "servizio": 20}}, {"model": "dipendenti.dipendente_servizio", "pk": 114, "fields": {"data_da": "2020-10-01", "data_a": null, "dipendente": 62, "servizio": 22}}, {"model": "dipendenti.dipendente_servizio", "pk": 115, "fields": {"data_da": "2022-01-10", "data_a": null, "dipendente": 65, "servizio": 21}}, {"model": "dipendenti.dipendente_servizio", "pk": 116, "fields": {"data_da": "2020-11-09", "data_a": null, "dipendente": 66, "servizio": 21}}, {"model": "dipendenti.dipendente_servizio", "pk": 117, "fields": {"data_da": "1996-03-01", "data_a": null, "dipendente": 68, "servizio": 12}}, {"model": "dipendenti.dipendente_servizio", "pk": 118, "fields": {"data_da": "2019-11-11", "data_a": null, "dipendente": 69, "servizio": 19}}, {"model": "dipendenti.dipendente_servizio", "pk": 119, "fields": {"data_da": "2013-04-03", "data_a": null, "dipendente": 70, "servizio": 21}}, {"model": "dipendenti.dipendente_servizio", "pk": 120, "fields": {"data_da": "1988-04-01", "data_a": null, "dipendente": 71, "servizio": 19}}, {"model": "dipendenti.dipendente_servizio", "pk": 121, "fields": {"data_da": "2018-11-05", "data_a": "2021-10-31", "dipendente": 72, "servizio": 20}}, {"model": "dipendenti.dipendente_servizio", "pk": 122, "fields": {"data_da": "2021-11-01", "data_a": null, "dipendente": 72, "servizio": 20}}, {"model": "dipendenti.dipendente_servizio", "pk": 123, "fields": {"data_da": "1989-05-22", "data_a": null, "dipendente": 73, "servizio": 21}}, {"model": "dipendenti.dipendente_servizio", "pk": 124, "fields": {"data_da": "2022-01-10", "data_a": null, "dipendente": 74, "servizio": 21}}, {"model": "dipendenti.dipendente_servizio", "pk": 125, "fields": {"data_da": "2015-09-10", "data_a": null, "dipendente": 75, "servizio": 21}}, {"model": "dipendenti.dipendente_servizio", "pk": 126, "fields": {"data_da": "2008-10-01", "data_a": null, "dipendente": 85, "servizio": 21}}, {"model": "dipendenti.dipendente_servizio", "pk": 127, "fields": {"data_da": "2021-08-31", "data_a": null, "dipendente": 87, "servizio": 21}}, {"model": "dipendenti.dipendente_servizio", "pk": 128, "fields": {"data_da": "2021-12-01", "data_a": null, "dipendente": 88, "servizio": 18}}, {"model": "dipendenti.dipendente_servizio", "pk": 129, "fields": {"data_da": "2008-10-06", "data_a": null, "dipendente": 90, "servizio": 21}}, {"model": "dipendenti.dipendente_servizio", "pk": 130, "fields": {"data_da": "2002-03-18", "data_a": null, "dipendente": 97, "servizio": 21}}, {"model": "dipendenti.dipendente_servizio", "pk": 131, "fields": {"data_da": "2021-09-02", "data_a": null, "dipendente": 104, "servizio": 21}}, {"model": "dipendenti.dipendente_servizio", "pk": 132, "fields": {"data_da": "2020-04-01", "data_a": null, "dipendente": 105, "servizio": 19}}, {"model": "dipendenti.dipendente_servizio", "pk": 133, "fields": {"data_da": "1992-01-01", "data_a": null, "dipendente": 106, "servizio": 20}}, {"model": "dipendenti.dipendente_servizio", "pk": 134, "fields": {"data_da": "2021-08-23", "data_a": null, "dipendente": 108, "servizio": 21}}, {"model": "dipendenti.dipendente_servizio", "pk": 135, "fields": {"data_da": "1995-09-18", "data_a": null, "dipendente": 109, "servizio": 19}}, {"model": "dipendenti.dipendente_servizio", "pk": 136, "fields": {"data_da": "2020-10-01", "data_a": "2022-04-30", "dipendente": 111, "servizio": 22}}, {"model": "dipendenti.dipendente_servizio", "pk": 137, "fields": {"data_da": "2000-12-01", "data_a": null, "dipendente": 112, "servizio": 21}}, {"model": "dipendenti.dipendente_servizio", "pk": 138, "fields": {"data_da": "2021-03-01", "data_a": null, "dipendente": 113, "servizio": 23}}, {"model": "dipendenti.dipendente_servizio", "pk": 139, "fields": {"data_da": "1992-01-01", "data_a": "2021-02-28", "dipendente": 118, "servizio": 20}}, {"model": "dipendenti.dipendente_servizio", "pk": 140, "fields": {"data_da": "2021-03-01", "data_a": null, "dipendente": 118, "servizio": 20}}, {"model": "dipendenti.dipendente_servizio", "pk": 141, "fields": {"data_da": "2003-03-01", "data_a": null, "dipendente": 119, "servizio": 21}}, {"model": "dipendenti.dipendente_servizio", "pk": 142, "fields": {"data_da": "2002-09-01", "data_a": null, "dipendente": 121, "servizio": 20}}, {"model": "dipendenti.dipendente_servizio", "pk": 143, "fields": {"data_da": "2002-01-21", "data_a": null, "dipendente": 122, "servizio": 22}}, {"model": "dipendenti.dipendente_servizio", "pk": 144, "fields": {"data_da": "1991-08-23", "data_a": null, "dipendente": 124, "servizio": 21}}, {"model": "dipendenti.dipendente_servizio", "pk": 146, "fields": {"data_da": "1997-01-01", "data_a": null, "dipendente": 126, "servizio": 19}}, {"model": "dipendenti.dipendente_servizio", "pk": 147, "fields": {"data_da": "2020-01-01", "data_a": "2021-12-31", "dipendente": 128, "servizio": 21}}, {"model": "dipendenti.dipendente_servizio", "pk": 148, "fields": {"data_da": "2022-01-01", "data_a": null, "dipendente": 128, "servizio": 21}}, {"model": "dipendenti.dipendente_servizio", "pk": 149, "fields": {"data_da": "2022-01-10", "data_a": null, "dipendente": 132, "servizio": 21}}, {"model": "dipendenti.dipendente_servizio", "pk": 150, "fields": {"data_da": "2021-08-01", "data_a": "2022-07-31", "dipendente": 133, "servizio": 19}}, {"model": "dipendenti.dipendente_servizio", "pk": 151, "fields": {"data_da": "2021-12-01", "data_a": "2021-11-30", "dipendente": 134, "servizio": 18}}, {"model": "dipendenti.dipendente_servizio", "pk": 152, "fields": {"data_da": "2021-12-01", "data_a": null, "dipendente": 134, "servizio": 22}}, {"model": "dipendenti.dipendente_servizio", "pk": 153, "fields": {"data_da": "2020-09-21", "data_a": "2021-12-31", "dipendente": 135, "servizio": 21}}, {"model": "dipendenti.dipendente_servizio", "pk": 154, "fields": {"data_da": "2022-01-01", "data_a": null, "dipendente": 135, "servizio": 21}}, {"model": "dipendenti.dipendente_servizio", "pk": 155, "fields": {"data_da": "2022-05-02", "data_a": "2023-12-01", "dipendente": 136, "servizio": 23}}, {"model": "dipendenti.dipendente_servizio", "pk": 156, "fields": {"data_da": "2022-05-02", "data_a": null, "dipendente": 137, "servizio": 18}}, {"model": "dipendenti.dipendente_servizio", "pk": 157, "fields": {"data_da": "2022-04-04", "data_a": null, "dipendente": 138, "servizio": 14}}, {"model": "dipendenti.dipendente_servizio", "pk": 158, "fields": {"data_da": "2022-04-19", "data_a": null, "dipendente": 139, "servizio": 14}}, {"model": "dipendenti.dipendente_servizio", "pk": 159, "fields": {"data_da": "2022-04-04", "data_a": null, "dipendente": 140, "servizio": 18}}, {"model": "dipendenti.dipendente_servizio", "pk": 160, "fields": {"data_da": "2022-03-21", "data_a": null, "dipendente": 141, "servizio": 19}}, {"model": "dipendenti.dipendente_servizio", "pk": 161, "fields": {"data_da": "2005-07-01", "data_a": null, "dipendente": 58, "servizio": 13}}, {"model": "dipendenti.dipendente_servizio", "pk": 162, "fields": {"data_da": "2022-04-14", "data_a": null, "dipendente": 142, "servizio": 23}}, {"model": "dipendenti.dipendente_servizio", "pk": 163, "fields": {"data_da": "2022-09-01", "data_a": null, "dipendente": 143, "servizio": 9}}, {"model": "dipendenti.dipendente_servizio", "pk": 164, "fields": {"data_da": "2022-07-25", "data_a": null, "dipendente": 144, "servizio": 13}}, {"model": "dipendenti.dipendente_servizio", "pk": 165, "fields": {"data_da": "2022-06-10", "data_a": null, "dipendente": 127, "servizio": 7}}, {"model": "dipendenti.dipendente_servizio", "pk": 166, "fields": {"data_da": "2022-10-17", "data_a": null, "dipendente": 64, "servizio": 5}}, {"model": "dipendenti.dipendente_servizio", "pk": 167, "fields": {"data_da": "1992-10-05", "data_a": "2022-11-01", "dipendente": 55, "servizio": 2}}, {"model": "dipendenti.dipendente_servizio", "pk": 168, "fields": {"data_da": "2022-08-01", "data_a": null, "dipendente": 133, "servizio": 19}}, {"model": "dipendenti.dipendente_servizio", "pk": 169, "fields": {"data_da": "2022-08-01", "data_a": "2023-02-01", "dipendente": 145, "servizio": 3}}, {"model": "dipendenti.dipendente_servizio", "pk": 170, "fields": {"data_da": "2022-09-12", "data_a": null, "dipendente": 146, "servizio": 7}}, {"model": "dipendenti.dipendente_servizio", "pk": 171, "fields": {"data_da": "2022-09-01", "data_a": null, "dipendente": 44, "servizio": 20}}, {"model": "dipendenti.dipendente_servizio", "pk": 172, "fields": {"data_da": "2022-10-01", "data_a": null, "dipendente": 95, "servizio": 22}}, {"model": "dipendenti.dipendente_servizio", "pk": 173, "fields": {"data_da": "2022-09-01", "data_a": "2023-09-01", "dipendente": 147, "servizio": 21}}, {"model": "dipendenti.dipendente_servizio", "pk": 174, "fields": {"data_da": "2022-09-12", "data_a": "2024-05-11", "dipendente": 148, "servizio": 21}}, {"model": "dipendenti.dipendente_servizio", "pk": 175, "fields": {"data_da": "2022-09-05", "data_a": null, "dipendente": 149, "servizio": 19}}, {"model": "dipendenti.dipendente_servizio", "pk": 176, "fields": {"data_da": "2022-10-01", "data_a": null, "dipendente": 150, "servizio": 13}}, {"model": "dipendenti.dipendente_servizio", "pk": 177, "fields": {"data_da": "2022-11-11", "data_a": "2024-12-12", "dipendente": 19, "servizio": 21}}, {"model": "dipendenti.dipendente_servizio", "pk": 178, "fields": {"data_da": "2023-02-01", "data_a": null, "dipendente": 151, "servizio": 2}}, {"model": "dipendenti.dipendente_servizio", "pk": 179, "fields": {"data_da": "2023-03-01", "data_a": null, "dipendente": 152, "servizio": 13}}, {"model": "dipendenti.dipendente_servizio", "pk": 181, "fields": {"data_da": "2023-03-14", "data_a": null, "dipendente": 153, "servizio": 24}}, {"model": "dipendenti.dipendente_servizio", "pk": 182, "fields": {"data_da": "2022-11-01", "data_a": null, "dipendente": 154, "servizio": 24}}, {"model": "dipendenti.dipendente_servizio", "pk": 183, "fields": {"data_da": "2023-05-22", "data_a": "2024-05-21", "dipendente": 155, "servizio": 1}}, {"model": "dipendenti.dipendente_servizio", "pk": 184, "fields": {"data_da": "2023-02-01", "data_a": null, "dipendente": 116, "servizio": 7}}, {"model": "dipendenti.dipendente_servizio", "pk": 185, "fields": {"data_da": "2023-06-05", "data_a": "2024-06-04", "dipendente": 156, "servizio": 3}}, {"model": "dipendenti.dipendente_servizio", "pk": 186, "fields": {"data_da": "2023-07-01", "data_a": "2025-04-11", "dipendente": 157, "servizio": 5}}, {"model": "dipendenti.dipendente_servizio", "pk": 187, "fields": {"data_da": "2023-07-03", "data_a": null, "dipendente": 158, "servizio": 2}}, {"model": "dipendenti.dipendente_servizio", "pk": 188, "fields": {"data_da": "2023-07-06", "data_a": "2024-07-05", "dipendente": 159, "servizio": 13}}, {"model": "dipendenti.dipendente_servizio", "pk": 189, "fields": {"data_da": "2015-06-01", "data_a": null, "dipendente": 160, "servizio": 25}}, {"model": "dipendenti.dipendente_servizio", "pk": 190, "fields": {"data_da": "2023-08-10", "data_a": null, "dipendente": 161, "servizio": 26}}, {"model": "dipendenti.dipendente_servizio", "pk": 191, "fields": {"data_da": "2023-10-01", "data_a": null, "dipendente": 162, "servizio": 13}}, {"model": "dipendenti.dipendente_servizio", "pk": 192, "fields": {"data_da": "2023-11-01", "data_a": null, "dipendente": 163, "servizio": 5}}, {"model": "dipendenti.servizio_responsabile", "pk": 1, "fields": {"data_da": "2019-07-01", "data_a": "2023-01-31", "responsabile": 2, "servizio": 1}}, {"model": "dipendenti.servizio_responsabile", "pk": 2, "fields": {"data_da": "2019-01-01", "data_a": null, "responsabile": 2, "servizio": 2}}, {"model": "dipendenti.servizio_responsabile", "pk": 3, "fields": {"data_da": "2019-07-01", "data_a": null, "responsabile": 2, "servizio": 3}}, {"model": "dipendenti.servizio_responsabile", "pk": 4, "fields": {"data_da": "2015-01-01", "data_a": null, "responsabile": 34, "servizio": 4}}, {"model": "dipendenti.servizio_responsabile", "pk": 5, "fields": {"data_da": "2022-01-01", "data_a": null, "responsabile": 34, "servizio": 5}}, {"model": "dipendenti.servizio_responsabile", "pk": 6, "fields": {"data_da": "2022-01-01", "data_a": null, "responsabile": 34, "servizio": 6}}, {"model": "dipendenti.servizio_responsabile", "pk": 7, "fields": {"data_da": "2022-01-01", "data_a": null, "responsabile": 96, "servizio": 7}}, {"model": "dipendenti.servizio_responsabile", "pk": 8, "fields": {"data_da": "2022-01-01", "data_a": null, "responsabile": 96, "servizio": 8}}, {"model": "dipendenti.servizio_responsabile", "pk": 9, "fields": {"data_da": "2022-01-01", "data_a": null, "responsabile": 26, "servizio": 9}}, {"model": "dipendenti.servizio_responsabile", "pk": 10, "fields": {"data_da": "2022-01-01", "data_a": null, "responsabile": 26, "servizio": 10}}, {"model": "dipendenti.servizio_responsabile", "pk": 11, "fields": {"data_da": "2022-01-01", "data_a": null, "responsabile": 26, "servizio": 11}}, {"model": "dipendenti.servizio_responsabile", "pk": 12, "fields": {"data_da": "2022-01-01", "data_a": null, "responsabile": 26, "servizio": 12}}, {"model": "dipendenti.servizio_responsabile", "pk": 13, "fields": {"data_da": "2022-01-01", "data_a": null, "responsabile": 26, "servizio": 13}}, {"model": "dipendenti.servizio_responsabile", "pk": 14, "fields": {"data_da": "2022-01-01", "data_a": null, "responsabile": 94, "servizio": 14}}, {"model": "dipendenti.servizio_responsabile", "pk": 15, "fields": {"data_da": "2022-01-01", "data_a": null, "responsabile": 94, "servizio": 15}}, {"model": "dipendenti.servizio_responsabile", "pk": 16, "fields": {"data_da": "2022-01-01", "data_a": null, "responsabile": 82, "servizio": 16}}, {"model": "dipendenti.servizio_responsabile", "pk": 17, "fields": {"data_da": "2022-01-01", "data_a": null, "responsabile": 82, "servizio": 17}}, {"model": "dipendenti.servizio_responsabile", "pk": 18, "fields": {"data_da": "2022-01-01", "data_a": null, "responsabile": 51, "servizio": 18}}, {"model": "dipendenti.servizio_responsabile", "pk": 19, "fields": {"data_da": "2022-01-01", "data_a": null, "responsabile": 140, "servizio": 19}}, {"model": "dipendenti.servizio_responsabile", "pk": 20, "fields": {"data_da": "2022-01-01", "data_a": null, "responsabile": 14, "servizio": 20}}, {"model": "dipendenti.servizio_responsabile", "pk": 21, "fields": {"data_da": "2022-01-01", "data_a": null, "responsabile": 14, "servizio": 21}}, {"model": "dipendenti.servizio_responsabile", "pk": 22, "fields": {"data_da": "2022-01-01", "data_a": null, "responsabile": 14, "servizio": 22}}, {"model": "dipendenti.servizio_responsabile", "pk": 23, "fields": {"data_da": "2022-01-01", "data_a": null, "responsabile": 82, "servizio": 23}}, {"model": "dipendenti.servizio_responsabile", "pk": 24, "fields": {"data_da": "2023-03-14", "data_a": null, "responsabile": 151, "servizio": 24}}, {"model": "dipendenti.servizio_responsabile", "pk": 25, "fields": {"data_da": "2023-02-01", "data_a": null, "responsabile": 151, "servizio": 1}}, {"model": "dipendenti.servizio_responsabile", "pk": 26, "fields": {"data_da": "1990-01-01", "data_a": "2019-06-30", "responsabile": 26, "servizio": 1}}, {"model": "dipendenti.servizio_responsabile", "pk": 27, "fields": {"data_da": "2015-06-01", "data_a": null, "responsabile": 161, "servizio": 25}}, {"model": "dipendenti.servizio_responsabile", "pk": 28, "fields": {"data_da": "2015-06-01", "data_a": null, "responsabile": 161, "servizio": 26}}, {"model": "dipendenti.ufficio_dirigente", "pk": 1, "fields": {"data_da": "2019-07-01", "data_a": null, "dirigente": 2, "ufficio": 1}}, {"model": "dipendenti.ufficio_dirigente", "pk": 2, "fields": {"data_da": "2015-01-01", "data_a": null, "dirigente": 14, "ufficio": 6}}, {"model": "dipendenti.ufficio_dirigente", "pk": 3, "fields": {"data_da": "2022-01-01", "data_a": null, "dirigente": 26, "ufficio": 3}}, {"model": "dipendenti.ufficio_dirigente", "pk": 4, "fields": {"data_da": "2022-01-01", "data_a": null, "dirigente": 51, "ufficio": 5}}, {"model": "dipendenti.ufficio_dirigente", "pk": 5, "fields": {"data_da": "2022-01-01", "data_a": null, "dirigente": 94, "ufficio": 7}}, {"model": "dipendenti.ufficio_dirigente", "pk": 6, "fields": {"data_da": "2022-01-01", "data_a": null, "dirigente": 96, "ufficio": 2}}, {"model": "dipendenti.ufficio_dirigente", "pk": 7, "fields": {"data_da": "2022-01-01", "data_a": null, "dirigente": 34, "ufficio": 8}}, {"model": "dipendenti.ufficio_dirigente", "pk": 8, "fields": {"data_da": "2022-01-01", "data_a": null, "dirigente": 82, "ufficio": 4}}, {"model": "dipendenti.ufficio_dirigente", "pk": 9, "fields": {"data_da": "1990-01-01", "data_a": "2021-12-31", "dirigente": 34, "ufficio": 2}}, {"model": "dipendenti.ufficio_dirigente", "pk": 12, "fields": {"data_da": "2015-06-01", "data_a": null, "dirigente": 161, "ufficio": 10}}]