{% load static customform i18n parler_tags thumbnail %}
{% trans "Oggetto" %},{% trans "Descrizione" %},{% trans "Incaricato" %},{% trans "Prima attività" %},{% trans "Ultima Attività" %},{% trans "Stato del lavoro" %},{% trans "Tempo totale" %},{% trans "allegati" %},{% trans "foto" %},{% trans "Attivo" %},{% trans "ID Intervento" %},{% trans "Oggetto Intervento" %},{% trans "Team di intervento" %},{% trans "Data Segnalazione" %},{% trans "Struttura" %},{% trans "Segnalatore" %},{% trans "CdC" %},{% trans "ID segnalazione" %},{% trans "Oggetto Segnalazione" %},{% trans "Tipo segnalazione" %},{% trans "Tags" %}

{% for lav in lavori %}{{ lav.oggetto|addslashes }},{{ lav.descrizione|addslashes }},{{ lav.collaboratore|addslashes }},{{ lav.data_inizio|addslashes }},{{ lav.data_fine|addslashes }},{{ lav.stato|addslashes }},{{ lav.minuti_totali|addslashes }},{{ lav.team.intervento.segnalazione.allegato_set.count|addslashes }},{{ lav.team.intervento.foto_set.count|addslashes }},{{ lav.attivo|addslashes }},{{ lav.team.intervento.id|addslashes }},{{ lav.team.intervento.oggetto|addslashes }},{{ lav.team.attivita|addslashes }},{{ lav.team.intervento.segnalazione.data_creazione|addslashes }},{{ lav.team.intervento.segnalazione.struttura|addslashes }},{{ lav.team.intervento.segnalazione.segnalatore|addslashes }},{{ lav.team.intervento.segnalazione.struttura.cdc|addslashes }},{{ lav.team.intervento.segnalazione.id|addslashes }},{{ lav.team.intervento.segnalazione.oggetto|addslashes }},{{ lav.team.intervento.segnalazione.tipo|addslashes }},{% for tg in lav.team.intervento.segnalazione.tags.all %} {{ tg.nome_breve|addslashes }}{% endfor %}
{% endfor %} 
